Batch file: /data/p_03183/personal_workspaces/sheker/NeuroBOLT/subject_batches/batch_001.txt
Loaded 5 subject(s) → NEUROBOLT_SUBJECTS=sub-001,sub-002,sub-003,sub-005,sub-006
NEUROBOLT_TRAINING_MODE=baseline
NEUROBOLT_SUBJECT=
NEUROBOLT_SUBJECTS=sub-001,sub-002,sub-003,sub-005,sub-006
SLURM_JOB_ID=1893679 SLURM_ARRAY_TASK_ID=
Training mode: baseline  (artifacts under …/log_baseline/)
                       using device: cuda
Artifact root (baseline): /data/p_03183/personal_workspaces/sheker/NeuroBOLT/checkpoints/log_baseline
Algermissen subject list (32): ['sub-001', 'sub-002', 'sub-003', 'sub-005', 'sub-006', 'sub-007', 'sub-008', 'sub-009', 'sub-010', 'sub-011', 'sub-012', 'sub-013', 'sub-014', 'sub-016', 'sub-017', 'sub-018', 'sub-019', 'sub-020', 'sub-021', 'sub-022', 'sub-023', 'sub-024', 'sub-026', 'sub-027', 'sub-028', 'sub-029', 'sub-030', 'sub-031', 'sub-032', 'sub-033', 'sub-034', 'sub-035']
This job will train: ['sub-001', 'sub-002', 'sub-003', 'sub-005', 'sub-006', 'sub-007', 'sub-008', 'sub-009', 'sub-010', 'sub-011', 'sub-012', 'sub-013', 'sub-014', 'sub-016', 'sub-017', 'sub-018', 'sub-019', 'sub-020', 'sub-021', 'sub-022', 'sub-023', 'sub-024', 'sub-026', 'sub-027', 'sub-028', 'sub-029', 'sub-030', 'sub-031', 'sub-032', 'sub-033', 'sub-034', 'sub-035']
  array task 0 -> sub-001
  array task 1 -> sub-002
  array task 2 -> sub-003
  array task 3 -> sub-005
  array task 4 -> sub-006
  array task 5 -> sub-007
  array task 6 -> sub-008
  array task 7 -> sub-009
  array task 8 -> sub-010
  array task 9 -> sub-011
  array task 10 -> sub-012
  array task 11 -> sub-013
  array task 12 -> sub-014
  array task 13 -> sub-016
  array task 14 -> sub-017
  array task 15 -> sub-018
  array task 16 -> sub-019
  array task 17 -> sub-020
  array task 18 -> sub-021
  array task 19 -> sub-022
  array task 20 -> sub-023
  array task 21 -> sub-024
  array task 22 -> sub-026
  array task 23 -> sub-027
  array task 24 -> sub-028
  array task 25 -> sub-029
  array task 26 -> sub-030
  array task 27 -> sub-031
  array task 28 -> sub-032
  array task 29 -> sub-033
  array task 30 -> sub-034
  array task 31 -> sub-035

============================================================
Starting NeuroBOLT (baseline) training for sub-001
============================================================

Run directory: /data/p_03183/personal_workspaces/sheker/NeuroBOLT/checkpoints/log_baseline/runs/20260817-131919_j1893679_baseline_sub-001
Not using distributed mode
  sub-001: built 2584 EEG->VS epochs (EEG 63ch x 3200 samp @ 200Hz)
  split sizes — train 2067, val 246, test 247

Dataset shapes:
Train dataset - EEG: torch.Size([2067, 63, 3200]), fMRI: torch.Size([2067])
Test dataset  - EEG: torch.Size([247, 63, 3200]), fMRI: torch.Size([247])
Val dataset   - EEG: torch.Size([246, 63, 3200]), fMRI: torch.Size([246])
Sampler_train = <torch.utils.data.distributed.DistributedSampler object at 0x7f823abc1be0>
Patch size = 200
Load ckpt from /data/p_03183/personal_workspaces/sheker/NeuroBOLT/checkpoints/labram-base.pth
Load state_dict by model_key = model
Weights of NeuroBOLTransformer not initialized from pretrained model: ['fc_norm.weight', 'fc_norm.bias', 'head.weight', 'head.bias', 'mss_module.index', 'mss_module.patch_embedding.0.projection.weight', 'mss_module.patch_embedding.0.projection.bias', 'mss_module.patch_embedding.1.projection.weight', 'mss_module.patch_embedding.1.projection.bias', 'mss_module.patch_embedding.2.projection.weight', 'mss_module.patch_embedding.2.projection.bias', 'mss_module.patch_embedding.3.projection.weight', 'mss_module.patch_embedding.3.projection.bias', 'mss_module.ts_embedding.0.projection.weight', 'mss_module.ts_embedding.0.projection.bias', 'mss_module.ts_embedding.1.projection.weight', 'mss_module.ts_embedding.1.projection.bias', 'mss_module.ts_embedding.2.projection.weight', 'mss_module.ts_embedding.2.projection.bias', 'mss_module.ts_embedding.3.projection.weight', 'mss_module.ts_embedding.3.projection.bias', 'mss_module.transformer.layers.layers.0.0.fn.to_q.weight', 'mss_module.transformer.layers.layers.0.0.fn.to_k.weight', 'mss_module.transformer.layers.layers.0.0.fn.to_v.weight', 'mss_module.transformer.layers.layers.0.0.fn.to_out.weight', 'mss_module.transformer.layers.layers.0.0.fn.to_out.bias', 'mss_module.transformer.layers.layers.0.0.norm.weight', 'mss_module.transformer.layers.layers.0.0.norm.bias', 'mss_module.transformer.layers.layers.0.1.fn.fn.w1.weight', 'mss_module.transformer.layers.layers.0.1.fn.fn.w1.bias', 'mss_module.transformer.layers.layers.0.1.fn.fn.w2.weight', 'mss_module.transformer.layers.layers.0.1.fn.fn.w2.bias', 'mss_module.transformer.layers.layers.0.1.norm.weight', 'mss_module.transformer.layers.layers.0.1.norm.bias', 'mss_module.transformer.layers.layers.1.0.fn.to_q.weight', 'mss_module.transformer.layers.layers.1.0.fn.to_k.weight', 'mss_module.transformer.layers.layers.1.0.fn.to_v.weight', 'mss_module.transformer.layers.layers.1.0.fn.to_out.weight', 'mss_module.transformer.layers.layers.1.0.fn.to_out.bias', 'mss_module.transformer.layers.layers.1.0.norm.weight', 'mss_module.transformer.layers.layers.1.0.norm.bias', 'mss_module.transformer.layers.layers.1.1.fn.fn.w1.weight', 'mss_module.transformer.layers.layers.1.1.fn.fn.w1.bias', 'mss_module.transformer.layers.layers.1.1.fn.fn.w2.weight', 'mss_module.transformer.layers.layers.1.1.fn.fn.w2.bias', 'mss_module.transformer.layers.layers.1.1.norm.weight', 'mss_module.transformer.layers.layers.1.1.norm.bias', 'mss_module.transformer.layers.layers.2.0.fn.to_q.weight', 'mss_module.transformer.layers.layers.2.0.fn.to_k.weight', 'mss_module.transformer.layers.layers.2.0.fn.to_v.weight', 'mss_module.transformer.layers.layers.2.0.fn.to_out.weight', 'mss_module.transformer.layers.layers.2.0.fn.to_out.bias', 'mss_module.transformer.layers.layers.2.0.norm.weight', 'mss_module.transformer.layers.layers.2.0.norm.bias', 'mss_module.transformer.layers.layers.2.1.fn.fn.w1.weight', 'mss_module.transformer.layers.layers.2.1.fn.fn.w1.bias', 'mss_module.transformer.layers.layers.2.1.fn.fn.w2.weight', 'mss_module.transformer.layers.layers.2.1.fn.fn.w2.bias', 'mss_module.transformer.layers.layers.2.1.norm.weight', 'mss_module.transformer.layers.layers.2.1.norm.bias', 'mss_module.transformer.layers.layers.3.0.fn.to_q.weight', 'mss_module.transformer.layers.layers.3.0.fn.to_k.weight', 'mss_module.transformer.layers.layers.3.0.fn.to_v.weight', 'mss_module.transformer.layers.layers.3.0.fn.to_out.weight', 'mss_module.transformer.layers.layers.3.0.fn.to_out.bias', 'mss_module.transformer.layers.layers.3.0.norm.weight', 'mss_module.transformer.layers.layers.3.0.norm.bias', 'mss_module.transformer.layers.layers.3.1.fn.fn.w1.weight', 'mss_module.transformer.layers.layers.3.1.fn.fn.w1.bias', 'mss_module.transformer.layers.layers.3.1.fn.fn.w2.weight', 'mss_module.transformer.layers.layers.3.1.fn.fn.w2.bias', 'mss_module.transformer.layers.layers.3.1.norm.weight', 'mss_module.transformer.layers.layers.3.1.norm.bias', 'mss_module.positional_encoding.pe', 'mss_module.channel_tokens.weight']
Weights from pretrained model not used in NeuroBOLTransformer: ['mask_token', 'lm_head.weight', 'lm_head.bias', 'norm.weight', 'norm.bias']
Model = NeuroBOLTransformer(
  (patch_embed): TemporalConv(
    (conv1): Conv2d(1, 8, kernel_size=(1, 15), stride=(1, 8), padding=(0, 7))
    (gelu1): GELU(approximate='none')
    (norm1): GroupNorm(4, 8, eps=1e-05, affine=True)
    (conv2): Conv2d(8, 8, kernel_size=(1, 3), stride=(1, 1), padding=(0, 1))
    (gelu2): GELU(approximate='none')
    (norm2): GroupNorm(4, 8, eps=1e-05, affine=True)
    (conv3): Conv2d(8, 8, kernel_size=(1, 3), stride=(1, 1), padding=(0, 1))
    (norm3): GroupNorm(4, 8, eps=1e-05, affine=True)
    (gelu3): GELU(approximate='none')
  )
  (pos_drop): Dropout(p=0.3, inplace=False)
  (blocks): ModuleList(
    (0): Block(
      (norm1): LayerNorm((200,), eps=1e-06, elementwise_affine=True)
      (attn): Attention(
        (qkv): Linear(in_features=200, out_features=600, bias=False)
        (q_norm): LayerNorm((20,), eps=1e-06, elementwise_affine=True)
        (k_norm): LayerNorm((20,), eps=1e-06, elementwise_affine=True)
        (attn_drop): Dropout(p=0.0, inplace=False)
        (proj): Linear(in_features=200, out_features=200, bias=True)
        (proj_drop): Dropout(p=0.3, inplace=False)
      )
      (drop_path): Identity()
      (norm2): LayerNorm((200,), eps=1e-06, elementwise_affine=True)
      (mlp): Mlp(
        (fc1): Linear(in_features=200, out_features=800, bias=True)
        (act): GELU(approximate='none')
        (fc2): Linear(in_features=800, out_features=200, bias=True)
        (drop): Dropout(p=0.3, inplace=False)
      )
    )
    (1): Block(
      (norm1): LayerNorm((200,), eps=1e-06, elementwise_affine=True)
      (attn): Attention(
        (qkv): Linear(in_features=200, out_features=600, bias=False)
        (q_norm): LayerNorm((20,), eps=1e-06, elementwise_affine=True)
        (k_norm): LayerNorm((20,), eps=1e-06, elementwise_affine=True)
        (attn_drop): Dropout(p=0.0, inplace=False)
        (proj): Linear(in_features=200, out_features=200, bias=True)
        (proj_drop): Dropout(p=0.3, inplace=False)
      )
      (drop_path): DropPath(p=0.00909090880304575)
      (norm2): LayerNorm((200,), eps=1e-06, elementwise_affine=True)
      (mlp): Mlp(
        (fc1): Linear(in_features=200, out_features=800, bias=True)
        (act): GELU(approximate='none')
        (fc2): Linear(in_features=800, out_features=200, bias=True)
        (drop): Dropout(p=0.3, inplace=False)
      )
    )
    (2): Block(
      (norm1): LayerNorm((200,), eps=1e-06, elementwise_affine=True)
      (attn): Attention(
        (qkv): Linear(in_features=200, out_features=600, bias=False)
        (q_norm): LayerNorm((20,), eps=1e-06, elementwise_affine=True)
        (k_norm): LayerNorm((20,), eps=1e-06, elementwise_affine=True)
        (attn_drop): Dropout(p=0.0, inplace=False)
        (proj): Linear(in_features=200, out_features=200, bias=True)
        (proj_drop): Dropout(p=0.3, inplace=False)
      )
      (drop_path): DropPath(p=0.0181818176060915)
      (norm2): LayerNorm((200,), eps=1e-06, elementwise_affine=True)
      (mlp): Mlp(
        (fc1): Linear(in_features=200, out_features=800, bias=True)
        (act): GELU(approximate='none')
        (fc2): Linear(in_features=800, out_features=200, bias=True)
        (drop): Dropout(p=0.3, inplace=False)
      )
    )
    (3): Block(
      (norm1): LayerNorm((200,), eps=1e-06, elementwise_affine=True)
      (attn): Attention(
        (qkv): Linear(in_features=200, out_features=600, bias=False)
        (q_norm): LayerNorm((20,), eps=1e-06, elementwise_affine=True)
        (k_norm): LayerNorm((20,), eps=1e-06, elementwise_affine=True)
        (attn_drop): Dropout(p=0.0, inplace=False)
        (proj): Linear(in_features=200, out_features=200, bias=True)
        (proj_drop): Dropout(p=0.3, inplace=False)
      )
      (drop_path): DropPath(p=0.027272727340459824)
      (norm2): LayerNorm((200,), eps=1e-06, elementwise_affine=True)
      (mlp): Mlp(
        (fc1): Linear(in_features=200, out_features=800, bias=True)
        (act): GELU(approximate='none')
        (fc2): Linear(in_features=800, out_features=200, bias=True)
        (drop): Dropout(p=0.3, inplace=False)
      )
    )
    (4): Block(
      (norm1): LayerNorm((200,), eps=1e-06, elementwise_affine=True)
      (attn): Attention(
        (qkv): Linear(in_features=200, out_features=600, bias=False)
        (q_norm): LayerNorm((20,), eps=1e-06, elementwise_affine=True)
        (k_norm): LayerNorm((20,), eps=1e-06, elementwise_affine=True)
        (attn_drop): Dropout(p=0.0, inplace=False)
        (proj): Linear(in_features=200, out_features=200, bias=True)
        (proj_drop): Dropout(p=0.3, inplace=False)
      )
      (drop_path): DropPath(p=0.036363635212183)
      (norm2): LayerNorm((200,), eps=1e-06, elementwise_affine=True)
      (mlp): Mlp(
        (fc1): Linear(in_features=200, out_features=800, bias=True)
        (act): GELU(approximate='none')
        (fc2): Linear(in_features=800, out_features=200, bias=True)
        (drop): Dropout(p=0.3, inplace=False)
      )
    )
    (5): Block(
      (norm1): LayerNorm((200,), eps=1e-06, elementwise_affine=True)
      (attn): Attention(
        (qkv): Linear(in_features=200, out_features=600, bias=False)
        (q_norm): LayerNorm((20,), eps=1e-06, elementwise_affine=True)
        (k_norm): LayerNorm((20,), eps=1e-06, elementwise_affine=True)
        (attn_drop): Dropout(p=0.0, inplace=False)
        (proj): Linear(in_features=200, out_features=200, bias=True)
        (proj_drop): Dropout(p=0.3, inplace=False)
      )
      (drop_path): DropPath(p=0.045454543083906174)
      (norm2): LayerNorm((200,), eps=1e-06, elementwise_affine=True)
      (mlp): Mlp(
        (fc1): Linear(in_features=200, out_features=800, bias=True)
        (act): GELU(approximate='none')
        (fc2): Linear(in_features=800, out_features=200, bias=True)
        (drop): Dropout(p=0.3, inplace=False)
      )
    )
    (6): Block(
      (norm1): LayerNorm((200,), eps=1e-06, elementwise_affine=True)
      (attn): Attention(
        (qkv): Linear(in_features=200, out_features=600, bias=False)
        (q_norm): LayerNorm((20,), eps=1e-06, elementwise_affine=True)
        (k_norm): LayerNorm((20,), eps=1e-06, elementwise_affine=True)
        (attn_drop): Dropout(p=0.0, inplace=False)
        (proj): Linear(in_features=200, out_features=200, bias=True)
        (proj_drop): Dropout(p=0.3, inplace=False)
      )
      (drop_path): DropPath(p=0.054545458406209946)
      (norm2): LayerNorm((200,), eps=1e-06, elementwise_affine=True)
      (mlp): Mlp(
        (fc1): Linear(in_features=200, out_features=800, bias=True)
        (act): GELU(approximate='none')
        (fc2): Linear(in_features=800, out_features=200, bias=True)
        (drop): Dropout(p=0.3, inplace=False)
      )
    )
    (7): Block(
      (norm1): LayerNorm((200,), eps=1e-06, elementwise_affine=True)
      (attn): Attention(
        (qkv): Linear(in_features=200, out_features=600, bias=False)
        (q_norm): LayerNorm((20,), eps=1e-06, elementwise_affine=True)
        (k_norm): LayerNorm((20,), eps=1e-06, elementwise_affine=True)
        (attn_drop): Dropout(p=0.0, inplace=False)
        (proj): Linear(in_features=200, out_features=200, bias=True)
        (proj_drop): Dropout(p=0.3, inplace=False)
      )
      (drop_path): DropPath(p=0.06363636255264282)
      (norm2): LayerNorm((200,), eps=1e-06, elementwise_affine=True)
      (mlp): Mlp(
        (fc1): Linear(in_features=200, out_features=800, bias=True)
        (act): GELU(approximate='none')
        (fc2): Linear(in_features=800, out_features=200, bias=True)
        (drop): Dropout(p=0.3, inplace=False)
      )
    )
    (8): Block(
      (norm1): LayerNorm((200,), eps=1e-06, elementwise_affine=True)
      (attn): Attention(
        (qkv): Linear(in_features=200, out_features=600, bias=False)
        (q_norm): LayerNorm((20,), eps=1e-06, elementwise_affine=True)
        (k_norm): LayerNorm((20,), eps=1e-06, elementwise_affine=True)
        (attn_drop): Dropout(p=0.0, inplace=False)
        (proj): Linear(in_features=200, out_features=200, bias=True)
        (proj_drop): Dropout(p=0.3, inplace=False)
      )
      (drop_path): DropPath(p=0.0727272778749466)
      (norm2): LayerNorm((200,), eps=1e-06, elementwise_affine=True)
      (mlp): Mlp(
        (fc1): Linear(in_features=200, out_features=800, bias=True)
        (act): GELU(approximate='none')
        (fc2): Linear(in_features=800, out_features=200, bias=True)
        (drop): Dropout(p=0.3, inplace=False)
      )
    )
    (9): Block(
      (norm1): LayerNorm((200,), eps=1e-06, elementwise_affine=True)
      (attn): Attention(
        (qkv): Linear(in_features=200, out_features=600, bias=False)
        (q_norm): LayerNorm((20,), eps=1e-06, elementwise_affine=True)
        (k_norm): LayerNorm((20,), eps=1e-06, elementwise_affine=True)
        (attn_drop): Dropout(p=0.0, inplace=False)
        (proj): Linear(in_features=200, out_features=200, bias=True)
        (proj_drop): Dropout(p=0.3, inplace=False)
      )
      (drop_path): DropPath(p=0.08181818574666977)
      (norm2): LayerNorm((200,), eps=1e-06, elementwise_affine=True)
      (mlp): Mlp(
        (fc1): Linear(in_features=200, out_features=800, bias=True)
        (act): GELU(approximate='none')
        (fc2): Linear(in_features=800, out_features=200, bias=True)
        (drop): Dropout(p=0.3, inplace=False)
      )
    )
    (10): Block(
      (norm1): LayerNorm((200,), eps=1e-06, elementwise_affine=True)
      (attn): Attention(
        (qkv): Linear(in_features=200, out_features=600, bias=False)
        (q_norm): LayerNorm((20,), eps=1e-06, elementwise_affine=True)
        (k_norm): LayerNorm((20,), eps=1e-06, elementwise_affine=True)
        (attn_drop): Dropout(p=0.0, inplace=False)
        (proj): Linear(in_features=200, out_features=200, bias=True)
        (proj_drop): Dropout(p=0.3, inplace=False)
      )
      (drop_path): DropPath(p=0.09090909361839294)
      (norm2): LayerNorm((200,), eps=1e-06, elementwise_affine=True)
      (mlp): Mlp(
        (fc1): Linear(in_features=200, out_features=800, bias=True)
        (act): GELU(approximate='none')
        (fc2): Linear(in_features=800, out_features=200, bias=True)
        (drop): Dropout(p=0.3, inplace=False)
      )
    )
    (11): Block(
      (norm1): LayerNorm((200,), eps=1e-06, elementwise_affine=True)
      (attn): Attention(
        (qkv): Linear(in_features=200, out_features=600, bias=False)
        (q_norm): LayerNorm((20,), eps=1e-06, elementwise_affine=True)
        (k_norm): LayerNorm((20,), eps=1e-06, elementwise_affine=True)
        (attn_drop): Dropout(p=0.0, inplace=False)
        (proj): Linear(in_features=200, out_features=200, bias=True)
        (proj_drop): Dropout(p=0.3, inplace=False)
      )
      (drop_path): DropPath(p=0.10000000149011612)
      (norm2): LayerNorm((200,), eps=1e-06, elementwise_affine=True)
      (mlp): Mlp(
        (fc1): Linear(in_features=200, out_features=800, bias=True)
        (act): GELU(approximate='none')
        (fc2): Linear(in_features=800, out_features=200, bias=True)
        (drop): Dropout(p=0.3, inplace=False)
      )
    )
  )
  (norm): Identity()
  (fc_norm): LayerNorm((200,), eps=1e-06, elementwise_affine=True)
  (head): Linear(in_features=200, out_features=1, bias=True)
  (mss_module): MSSEncoder(
    (patch_embedding): ModuleList(
      (0): PatchFrequencyEmbedding(
        (projection): Linear(in_features=51, out_features=200, bias=True)
      )
      (1): PatchFrequencyEmbedding(
        (projection): Linear(in_features=101, out_features=200, bias=True)
      )
      (2): PatchFrequencyEmbedding(
        (projection): Linear(in_features=201, out_features=200, bias=True)
      )
      (3): PatchFrequencyEmbedding(
        (projection): Linear(in_features=401, out_features=200, bias=True)
      )
    )
    (ts_embedding): ModuleList(
      (0): PatchWindowEmbedding(
        (projection): Linear(in_features=32, out_features=32, bias=True)
      )
      (1): PatchWindowEmbedding(
        (projection): Linear(in_features=16, out_features=32, bias=True)
      )
      (2): PatchWindowEmbedding(
        (projection): Linear(in_features=8, out_features=32, bias=True)
      )
      (3): PatchWindowEmbedding(
        (projection): Linear(in_features=4, out_features=32, bias=True)
      )
    )
    (transformer): LinearAttentionTransformer(
      (layers): SequentialSequence(
        (layers): ModuleList(
          (0-3): 4 x ModuleList(
            (0): PreNorm(
              (fn): SelfAttention(
                (local_attn): LocalAttention(
                  (dropout): Dropout(p=0.2, inplace=False)
                )
                (to_q): Linear(in_features=200, out_features=200, bias=False)
                (to_k): Linear(in_features=200, out_features=200, bias=False)
                (to_v): Linear(in_features=200, out_features=200, bias=False)
                (to_out): Linear(in_features=200, out_features=200, bias=True)
                (dropout): Dropout(p=0.2, inplace=False)
              )
              (norm): LayerNorm((200,), eps=1e-05, elementwise_affine=True)
            )
            (1): PreNorm(
              (fn): Chunk(
                (fn): FeedForward(
                  (w1): Linear(in_features=200, out_features=800, bias=True)
                  (act): GELU(approximate='none')
                  (dropout): Dropout(p=0.0, inplace=False)
                  (w2): Linear(in_features=800, out_features=200, bias=True)
                )
              )
              (norm): LayerNorm((200,), eps=1e-05, elementwise_affine=True)
            )
          )
        )
      )
    )
    (positional_encoding): PositionalEncoding(
      (dropout): Dropout(p=0.1, inplace=False)
    )
    (channel_tokens): Embedding(63, 200)
  )
  (head_act): Identity()
)
number of params: 7914385
LR = 0.00010000
Batch size = 16
Update frequent = 2
Number of training examples = 2067
Number of training training per epoch = 129
Assigned values = [0.003697205891018715, 0.005688009063105715, 0.008750783174008792, 0.013462743344628911, 0.02071191283789063, 0.03186448128906251, 0.049022278906250015, 0.07541889062500001, 0.11602906250000002, 0.17850625000000003, 0.274625, 0.42250000000000004, 0.65, 1.0]
Skip weight decay name marked in model: {'time_embed', 'cls_token', 'pos_embed'}
Param groups = {
  "layer_0_no_decay": {
    "weight_decay": 0.0,
    "params": [
      "cls_token",
      "pos_embed",
      "patch_embed.conv1.bias",
      "patch_embed.norm1.weight",
      "patch_embed.norm1.bias",
      "patch_embed.conv2.bias",
      "patch_embed.norm2.weight",
      "patch_embed.norm2.bias",
      "patch_embed.conv3.bias",
      "patch_embed.norm3.weight",
      "patch_embed.norm3.bias"
    ],
    "lr_scale": 0.003697205891018715
  },
  "layer_13_no_decay": {
    "weight_decay": 0.0,
    "params": [
      "time_embed",
      "fc_norm.weight",
      "fc_norm.bias",
      "head.bias",
      "mss_module.patch_embedding.0.projection.bias",
      "mss_module.patch_embedding.1.projection.bias",
      "mss_module.patch_embedding.2.projection.bias",
      "mss_module.patch_embedding.3.projection.bias",
      "mss_module.ts_embedding.0.projection.bias",
      "mss_module.ts_embedding.1.projection.bias",
      "mss_module.ts_embedding.2.projection.bias",
      "mss_module.ts_embedding.3.projection.bias",
      "mss_module.transformer.layers.layers.0.0.fn.to_out.bias",
      "mss_module.transformer.layers.layers.0.0.norm.weight",
      "mss_module.transformer.layers.layers.0.0.norm.bias",
      "mss_module.transformer.layers.layers.0.1.fn.fn.w1.bias",
      "mss_module.transformer.layers.layers.0.1.fn.fn.w2.bias",
      "mss_module.transformer.layers.layers.0.1.norm.weight",
      "mss_module.transformer.layers.layers.0.1.norm.bias",
      "mss_module.transformer.layers.layers.1.0.fn.to_out.bias",
      "mss_module.transformer.layers.layers.1.0.norm.weight",
      "mss_module.transformer.layers.layers.1.0.norm.bias",
      "mss_module.transformer.layers.layers.1.1.fn.fn.w1.bias",
      "mss_module.transformer.layers.layers.1.1.fn.fn.w2.bias",
      "mss_module.transformer.layers.layers.1.1.norm.weight",
      "mss_module.transformer.layers.layers.1.1.norm.bias",
      "mss_module.transformer.layers.layers.2.0.fn.to_out.bias",
      "mss_module.transformer.layers.layers.2.0.norm.weight",
      "mss_module.transformer.layers.layers.2.0.norm.bias",
      "mss_module.transformer.layers.layers.2.1.fn.fn.w1.bias",
      "mss_module.transformer.layers.layers.2.1.fn.fn.w2.bias",
      "mss_module.transformer.layers.layers.2.1.norm.weight",
      "mss_module.transformer.layers.layers.2.1.norm.bias",
      "mss_module.transformer.layers.layers.3.0.fn.to_out.bias",
      "mss_module.transformer.layers.layers.3.0.norm.weight",
      "mss_module.transformer.layers.layers.3.0.norm.bias",
      "mss_module.transformer.layers.layers.3.1.fn.fn.w1.bias",
      "mss_module.transformer.layers.layers.3.1.fn.fn.w2.bias",
      "mss_module.transformer.layers.layers.3.1.norm.weight",
      "mss_module.transformer.layers.layers.3.1.norm.bias"
    ],
    "lr_scale": 1.0
  },
  "layer_0_decay": {
    "weight_decay": 0.01,
    "params": [
      "patch_embed.conv1.weight",
      "patch_embed.conv2.weight",
      "patch_embed.conv3.weight"
    ],
    "lr_scale": 0.003697205891018715
  },
  "layer_1_no_decay": {
    "weight_decay": 0.0,
    "params": [
      "blocks.0.gamma_1",
      "blocks.0.gamma_2",
      "blocks.0.norm1.weight",
      "blocks.0.norm1.bias",
      "blocks.0.attn.q_norm.weight",
      "blocks.0.attn.q_norm.bias",
      "blocks.0.attn.k_norm.weight",
      "blocks.0.attn.k_norm.bias",
      "blocks.0.attn.proj.bias",
      "blocks.0.norm2.weight",
      "blocks.0.norm2.bias",
      "blocks.0.mlp.fc1.bias",
      "blocks.0.mlp.fc2.bias"
    ],
    "lr_scale": 0.005688009063105715
  },
  "layer_1_decay": {
    "weight_decay": 0.01,
    "params": [
      "blocks.0.attn.qkv.weight",
      "blocks.0.attn.proj.weight",
      "blocks.0.mlp.fc1.weight",
      "blocks.0.mlp.fc2.weight"
    ],
    "lr_scale": 0.005688009063105715
  },
  "layer_2_no_decay": {
    "weight_decay": 0.0,
    "params": [
      "blocks.1.gamma_1",
      "blocks.1.gamma_2",
      "blocks.1.norm1.weight",
      "blocks.1.norm1.bias",
      "blocks.1.attn.q_norm.weight",
      "blocks.1.attn.q_norm.bias",
      "blocks.1.attn.k_norm.weight",
      "blocks.1.attn.k_norm.bias",
      "blocks.1.attn.proj.bias",
      "blocks.1.norm2.weight",
      "blocks.1.norm2.bias",
      "blocks.1.mlp.fc1.bias",
      "blocks.1.mlp.fc2.bias"
    ],
    "lr_scale": 0.008750783174008792
  },
  "layer_2_decay": {
    "weight_decay": 0.01,
    "params": [
      "blocks.1.attn.qkv.weight",
      "blocks.1.attn.proj.weight",
      "blocks.1.mlp.fc1.weight",
      "blocks.1.mlp.fc2.weight"
    ],
    "lr_scale": 0.008750783174008792
  },
  "layer_3_no_decay": {
    "weight_decay": 0.0,
    "params": [
      "blocks.2.gamma_1",
      "blocks.2.gamma_2",
      "blocks.2.norm1.weight",
      "blocks.2.norm1.bias",
      "blocks.2.attn.q_norm.weight",
      "blocks.2.attn.q_norm.bias",
      "blocks.2.attn.k_norm.weight",
      "blocks.2.attn.k_norm.bias",
      "blocks.2.attn.proj.bias",
      "blocks.2.norm2.weight",
      "blocks.2.norm2.bias",
      "blocks.2.mlp.fc1.bias",
      "blocks.2.mlp.fc2.bias"
    ],
    "lr_scale": 0.013462743344628911
  },
  "layer_3_decay": {
    "weight_decay": 0.01,
    "params": [
      "blocks.2.attn.qkv.weight",
      "blocks.2.attn.proj.weight",
      "blocks.2.mlp.fc1.weight",
      "blocks.2.mlp.fc2.weight"
    ],
    "lr_scale": 0.013462743344628911
  },
  "layer_4_no_decay": {
    "weight_decay": 0.0,
    "params": [
      "blocks.3.gamma_1",
      "blocks.3.gamma_2",
      "blocks.3.norm1.weight",
      "blocks.3.norm1.bias",
      "blocks.3.attn.q_norm.weight",
      "blocks.3.attn.q_norm.bias",
      "blocks.3.attn.k_norm.weight",
      "blocks.3.attn.k_norm.bias",
      "blocks.3.attn.proj.bias",
      "blocks.3.norm2.weight",
      "blocks.3.norm2.bias",
      "blocks.3.mlp.fc1.bias",
      "blocks.3.mlp.fc2.bias"
    ],
    "lr_scale": 0.02071191283789063
  },
  "layer_4_decay": {
    "weight_decay": 0.01,
    "params": [
      "blocks.3.attn.qkv.weight",
      "blocks.3.attn.proj.weight",
      "blocks.3.mlp.fc1.weight",
      "blocks.3.mlp.fc2.weight"
    ],
    "lr_scale": 0.02071191283789063
  },
  "layer_5_no_decay": {
    "weight_decay": 0.0,
    "params": [
      "blocks.4.gamma_1",
      "blocks.4.gamma_2",
      "blocks.4.norm1.weight",
      "blocks.4.norm1.bias",
      "blocks.4.attn.q_norm.weight",
      "blocks.4.attn.q_norm.bias",
      "blocks.4.attn.k_norm.weight",
      "blocks.4.attn.k_norm.bias",
      "blocks.4.attn.proj.bias",
      "blocks.4.norm2.weight",
      "blocks.4.norm2.bias",
      "blocks.4.mlp.fc1.bias",
      "blocks.4.mlp.fc2.bias"
    ],
    "lr_scale": 0.03186448128906251
  },
  "layer_5_decay": {
    "weight_decay": 0.01,
    "params": [
      "blocks.4.attn.qkv.weight",
      "blocks.4.attn.proj.weight",
      "blocks.4.mlp.fc1.weight",
      "blocks.4.mlp.fc2.weight"
    ],
    "lr_scale": 0.03186448128906251
  },
  "layer_6_no_decay": {
    "weight_decay": 0.0,
    "params": [
      "blocks.5.gamma_1",
      "blocks.5.gamma_2",
      "blocks.5.norm1.weight",
      "blocks.5.norm1.bias",
      "blocks.5.attn.q_norm.weight",
      "blocks.5.attn.q_norm.bias",
      "blocks.5.attn.k_norm.weight",
      "blocks.5.attn.k_norm.bias",
      "blocks.5.attn.proj.bias",
      "blocks.5.norm2.weight",
      "blocks.5.norm2.bias",
      "blocks.5.mlp.fc1.bias",
      "blocks.5.mlp.fc2.bias"
    ],
    "lr_scale": 0.049022278906250015
  },
  "layer_6_decay": {
    "weight_decay": 0.01,
    "params": [
      "blocks.5.attn.qkv.weight",
      "blocks.5.attn.proj.weight",
      "blocks.5.mlp.fc1.weight",
      "blocks.5.mlp.fc2.weight"
    ],
    "lr_scale": 0.049022278906250015
  },
  "layer_7_no_decay": {
    "weight_decay": 0.0,
    "params": [
      "blocks.6.gamma_1",
      "blocks.6.gamma_2",
      "blocks.6.norm1.weight",
      "blocks.6.norm1.bias",
      "blocks.6.attn.q_norm.weight",
      "blocks.6.attn.q_norm.bias",
      "blocks.6.attn.k_norm.weight",
      "blocks.6.attn.k_norm.bias",
      "blocks.6.attn.proj.bias",
      "blocks.6.norm2.weight",
      "blocks.6.norm2.bias",
      "blocks.6.mlp.fc1.bias",
      "blocks.6.mlp.fc2.bias"
    ],
    "lr_scale": 0.07541889062500001
  },
  "layer_7_decay": {
    "weight_decay": 0.01,
    "params": [
      "blocks.6.attn.qkv.weight",
      "blocks.6.attn.proj.weight",
      "blocks.6.mlp.fc1.weight",
      "blocks.6.mlp.fc2.weight"
    ],
    "lr_scale": 0.07541889062500001
  },
  "layer_8_no_decay": {
    "weight_decay": 0.0,
    "params": [
      "blocks.7.gamma_1",
      "blocks.7.gamma_2",
      "blocks.7.norm1.weight",
      "blocks.7.norm1.bias",
      "blocks.7.attn.q_norm.weight",
      "blocks.7.attn.q_norm.bias",
      "blocks.7.attn.k_norm.weight",
      "blocks.7.attn.k_norm.bias",
      "blocks.7.attn.proj.bias",
      "blocks.7.norm2.weight",
      "blocks.7.norm2.bias",
      "blocks.7.mlp.fc1.bias",
      "blocks.7.mlp.fc2.bias"
    ],
    "lr_scale": 0.11602906250000002
  },
  "layer_8_decay": {
    "weight_decay": 0.01,
    "params": [
      "blocks.7.attn.qkv.weight",
      "blocks.7.attn.proj.weight",
      "blocks.7.mlp.fc1.weight",
      "blocks.7.mlp.fc2.weight"
    ],
    "lr_scale": 0.11602906250000002
  },
  "layer_9_no_decay": {
    "weight_decay": 0.0,
    "params": [
      "blocks.8.gamma_1",
      "blocks.8.gamma_2",
      "blocks.8.norm1.weight",
      "blocks.8.norm1.bias",
      "blocks.8.attn.q_norm.weight",
      "blocks.8.attn.q_norm.bias",
      "blocks.8.attn.k_norm.weight",
      "blocks.8.attn.k_norm.bias",
      "blocks.8.attn.proj.bias",
      "blocks.8.norm2.weight",
      "blocks.8.norm2.bias",
      "blocks.8.mlp.fc1.bias",
      "blocks.8.mlp.fc2.bias"
    ],
    "lr_scale": 0.17850625000000003
  },
  "layer_9_decay": {
    "weight_decay": 0.01,
    "params": [
      "blocks.8.attn.qkv.weight",
      "blocks.8.attn.proj.weight",
      "blocks.8.mlp.fc1.weight",
      "blocks.8.mlp.fc2.weight"
    ],
    "lr_scale": 0.17850625000000003
  },
  "layer_10_no_decay": {
    "weight_decay": 0.0,
    "params": [
      "blocks.9.gamma_1",
      "blocks.9.gamma_2",
      "blocks.9.norm1.weight",
      "blocks.9.norm1.bias",
      "blocks.9.attn.q_norm.weight",
      "blocks.9.attn.q_norm.bias",
      "blocks.9.attn.k_norm.weight",
      "blocks.9.attn.k_norm.bias",
      "blocks.9.attn.proj.bias",
      "blocks.9.norm2.weight",
      "blocks.9.norm2.bias",
      "blocks.9.mlp.fc1.bias",
      "blocks.9.mlp.fc2.bias"
    ],
    "lr_scale": 0.274625
  },
  "layer_10_decay": {
    "weight_decay": 0.01,
    "params": [
      "blocks.9.attn.qkv.weight",
      "blocks.9.attn.proj.weight",
      "blocks.9.mlp.fc1.weight",
      "blocks.9.mlp.fc2.weight"
    ],
    "lr_scale": 0.274625
  },
  "layer_11_no_decay": {
    "weight_decay": 0.0,
    "params": [
      "blocks.10.gamma_1",
      "blocks.10.gamma_2",
      "blocks.10.norm1.weight",
      "blocks.10.norm1.bias",
      "blocks.10.attn.q_norm.weight",
      "blocks.10.attn.q_norm.bias",
      "blocks.10.attn.k_norm.weight",
      "blocks.10.attn.k_norm.bias",
      "blocks.10.attn.proj.bias",
      "blocks.10.norm2.weight",
      "blocks.10.norm2.bias",
      "blocks.10.mlp.fc1.bias",
      "blocks.10.mlp.fc2.bias"
    ],
    "lr_scale": 0.42250000000000004
  },
  "layer_11_decay": {
    "weight_decay": 0.01,
    "params": [
      "blocks.10.attn.qkv.weight",
      "blocks.10.attn.proj.weight",
      "blocks.10.mlp.fc1.weight",
      "blocks.10.mlp.fc2.weight"
    ],
    "lr_scale": 0.42250000000000004
  },
  "layer_12_no_decay": {
    "weight_decay": 0.0,
    "params": [
      "blocks.11.gamma_1",
      "blocks.11.gamma_2",
      "blocks.11.norm1.weight",
      "blocks.11.norm1.bias",
      "blocks.11.attn.q_norm.weight",
      "blocks.11.attn.q_norm.bias",
      "blocks.11.attn.k_norm.weight",
      "blocks.11.attn.k_norm.bias",
      "blocks.11.attn.proj.bias",
      "blocks.11.norm2.weight",
      "blocks.11.norm2.bias",
      "blocks.11.mlp.fc1.bias",
      "blocks.11.mlp.fc2.bias"
    ],
    "lr_scale": 0.65
  },
  "layer_12_decay": {
    "weight_decay": 0.01,
    "params": [
      "blocks.11.attn.qkv.weight",
      "blocks.11.attn.proj.weight",
      "blocks.11.mlp.fc1.weight",
      "blocks.11.mlp.fc2.weight"
    ],
    "lr_scale": 0.65
  },
  "layer_13_decay": {
    "weight_decay": 0.01,
    "params": [
      "head.weight",
      "mss_module.patch_embedding.0.projection.weight",
      "mss_module.patch_embedding.1.projection.weight",
      "mss_module.patch_embedding.2.projection.weight",
      "mss_module.patch_embedding.3.projection.weight",
      "mss_module.ts_embedding.0.projection.weight",
      "mss_module.ts_embedding.1.projection.weight",
      "mss_module.ts_embedding.2.projection.weight",
      "mss_module.ts_embedding.3.projection.weight",
      "mss_module.transformer.layers.layers.0.0.fn.to_q.weight",
      "mss_module.transformer.layers.layers.0.0.fn.to_k.weight",
      "mss_module.transformer.layers.layers.0.0.fn.to_v.weight",
      "mss_module.transformer.layers.layers.0.0.fn.to_out.weight",
      "mss_module.transformer.layers.layers.0.1.fn.fn.w1.weight",
      "mss_module.transformer.layers.layers.0.1.fn.fn.w2.weight",
      "mss_module.transformer.layers.layers.1.0.fn.to_q.weight",
      "mss_module.transformer.layers.layers.1.0.fn.to_k.weight",
      "mss_module.transformer.layers.layers.1.0.fn.to_v.weight",
      "mss_module.transformer.layers.layers.1.0.fn.to_out.weight",
      "mss_module.transformer.layers.layers.1.1.fn.fn.w1.weight",
      "mss_module.transformer.layers.layers.1.1.fn.fn.w2.weight",
      "mss_module.transformer.layers.layers.2.0.fn.to_q.weight",
      "mss_module.transformer.layers.layers.2.0.fn.to_k.weight",
      "mss_module.transformer.layers.layers.2.0.fn.to_v.weight",
      "mss_module.transformer.layers.layers.2.0.fn.to_out.weight",
      "mss_module.transformer.layers.layers.2.1.fn.fn.w1.weight",
      "mss_module.transformer.layers.layers.2.1.fn.fn.w2.weight",
      "mss_module.transformer.layers.layers.3.0.fn.to_q.weight",
      "mss_module.transformer.layers.layers.3.0.fn.to_k.weight",
      "mss_module.transformer.layers.layers.3.0.fn.to_v.weight",
      "mss_module.transformer.layers.layers.3.0.fn.to_out.weight",
      "mss_module.transformer.layers.layers.3.1.fn.fn.w1.weight",
      "mss_module.transformer.layers.layers.3.1.fn.fn.w2.weight",
      "mss_module.channel_tokens.weight"
    ],
    "lr_scale": 1.0
  }
}
Optimizer config: {'lr': 0.0001, 'weight_decay': 0.0, 'eps': 1e-08}
Use step level LR scheduler!
Set warmup steps = 645
Set warmup steps = 0
Max WD = 0.0100000, Min WD = 0.0100000
criterion = MSELoss()
Start training for 20 epochs
Epoch: [0]  [  0/258]  eta: 0:34:00  lr: 0.000000  min_lr: 0.000000  loss: 1.3074 (1.3074)  corr: 0.8149 (0.8149)  loss_scale: 65536.0000 (65536.0000)  weight_decay: 0.0100 (0.0100)  time: 7.9075  data: 0.1666  max mem: 6443
Epoch: [0]  [ 10/258]  eta: 0:04:24  lr: 0.000001  min_lr: 0.000000  loss: 0.9431 (1.0517)  corr: 0.0397 (0.0720)  loss_scale: 65536.0000 (65536.0000)  weight_decay: 0.0100 (0.0100)  grad_norm: 4.0109 (5.2483)  time: 1.0673  data: 0.0153  max mem: 6539
Epoch: [0]  [ 20/258]  eta: 0:02:48  lr: 0.000002  min_lr: 0.000000  loss: 0.8813 (1.3349)  corr: -0.0519 (0.0097)  loss_scale: 65536.0000 (65536.0000)  weight_decay: 0.0100 (0.0100)  grad_norm: 4.0723 (5.8171)  time: 0.3469  data: 0.0001  max mem: 6539
Epoch: [0]  [ 30/258]  eta: 0:02:12  lr: 0.000002  min_lr: 0.000000  loss: 1.1026 (1.3676)  corr: -0.2394 (-0.0453)  loss_scale: 65536.0000 (65536.0000)  weight_decay: 0.0100 (0.0100)  grad_norm: 5.4958 (6.1111)  time: 0.3111  data: 0.0001  max mem: 6539
Epoch: [0]  [ 40/258]  eta: 0:01:52  lr: 0.000003  min_lr: 0.000000  loss: 1.1733 (1.3450)  corr: -0.1792 (-0.0657)  loss_scale: 65536.0000 (65536.0000)  weight_decay: 0.0100 (0.0100)  grad_norm: 5.4958 (6.5035)  time: 0.3112  data: 0.0001  max mem: 6539
Epoch: [0]  [ 50/258]  eta: 0:01:38  lr: 0.000004  min_lr: 0.000000  loss: 0.9440 (1.2803)  corr: -0.1362 (-0.1038)  loss_scale: 65536.0000 (65536.0000)  weight_decay: 0.0100 (0.0100)  grad_norm: 5.7060 (6.7983)  time: 0.3110  data: 0.0001  max mem: 6539
Epoch: [0]  [ 60/258]  eta: 0:01:28  lr: 0.000005  min_lr: 0.000000  loss: 0.9848 (1.2565)  corr: -0.1143 (-0.0786)  loss_scale: 65536.0000 (65536.0000)  weight_decay: 0.0100 (0.0100)  grad_norm: 5.7060 (6.6715)  time: 0.3117  data: 0.0001  max mem: 6539
Epoch: [0]  [ 70/258]  eta: 0:01:20  lr: 0.000005  min_lr: 0.000000  loss: 0.8056 (1.2335)  corr: -0.1431 (-0.0730)  loss_scale: 65536.0000 (65536.0000)  weight_decay: 0.0100 (0.0100)  grad_norm: 5.4204 (6.5590)  time: 0.3121  data: 0.0001  max mem: 6539
Epoch: [0]  [ 80/258]  eta: 0:01:13  lr: 0.000006  min_lr: 0.000000  loss: 0.8056 (1.2252)  corr: -0.1857 (-0.0760)  loss_scale: 65536.0000 (65536.0000)  weight_decay: 0.0100 (0.0100)  grad_norm: 4.6838 (6.3396)  time: 0.3128  data: 0.0001  max mem: 6539
Epoch: [0]  [ 90/258]  eta: 0:01:07  lr: 0.000007  min_lr: 0.000000  loss: 0.7141 (1.1762)  corr: -0.0134 (-0.0506)  loss_scale: 65536.0000 (65536.0000)  weight_decay: 0.0100 (0.0100)  grad_norm: 5.0136 (6.6647)  time: 0.3139  data: 0.0001  max mem: 6539
Epoch: [0]  [100/258]  eta: 0:01:02  lr: 0.000008  min_lr: 0.000000  loss: 0.4801 (1.1228)  corr: 0.0345 (-0.0411)  loss_scale: 65536.0000 (65536.0000)  weight_decay: 0.0100 (0.0100)  grad_norm: 5.2608 (6.5546)  time: 0.3144  data: 0.0001  max mem: 6539
Epoch: [0]  [110/258]  eta: 0:00:57  lr: 0.000009  min_lr: 0.000000  loss: 0.4767 (1.1018)  corr: -0.0809 (-0.0429)  loss_scale: 65536.0000 (65536.0000)  weight_decay: 0.0100 (0.0100)  grad_norm: 5.2608 (6.3564)  time: 0.3140  data: 0.0001  max mem: 6539
Epoch: [0]  [120/258]  eta: 0:00:52  lr: 0.000009  min_lr: 0.000000  loss: 0.7419 (1.0865)  corr: -0.1852 (-0.0482)  loss_scale: 65536.0000 (65536.0000)  weight_decay: 0.0100 (0.0100)  grad_norm: 5.2660 (6.3277)  time: 0.3132  data: 0.0001  max mem: 6539
Epoch: [0]  [130/258]  eta: 0:00:48  lr: 0.000010  min_lr: 0.000000  loss: 0.7884 (1.0971)  corr: -0.1661 (-0.0545)  loss_scale: 65536.0000 (65536.0000)  weight_decay: 0.0100 (0.0100)  grad_norm: 5.2608 (6.4857)  time: 0.3131  data: 0.0001  max mem: 6539
Epoch: [0]  [140/258]  eta: 0:00:43  lr: 0.000011  min_lr: 0.000000  loss: 0.7884 (1.0737)  corr: 0.0308 (-0.0286)  loss_scale: 65536.0000 (65536.0000)  weight_decay: 0.0100 (0.0100)  grad_norm: 5.0476 (6.4151)  time: 0.3133  data: 0.0001  max mem: 6539
Epoch: [0]  [150/258]  eta: 0:00:39  lr: 0.000012  min_lr: 0.000000  loss: 0.8739 (1.0745)  corr: 0.0446 (-0.0284)  loss_scale: 65536.0000 (65536.0000)  weight_decay: 0.0100 (0.0100)  grad_norm: 5.6669 (6.6489)  time: 0.3134  data: 0.0001  max mem: 6539
Epoch: [0]  [160/258]  eta: 0:00:35  lr: 0.000012  min_lr: 0.000000  loss: 0.8127 (1.0704)  corr: -0.1406 (-0.0300)  loss_scale: 65536.0000 (65536.0000)  weight_decay: 0.0100 (0.0100)  grad_norm: 5.8685 (6.7356)  time: 0.3136  data: 0.0001  max mem: 6539
Epoch: [0]  [170/258]  eta: 0:00:31  lr: 0.000013  min_lr: 0.000000  loss: 0.6577 (1.0434)  corr: -0.1593 (-0.0270)  loss_scale: 65536.0000 (65536.0000)  weight_decay: 0.0100 (0.0100)  grad_norm: 5.8685 (6.7196)  time: 0.3144  data: 0.0001  max mem: 6539
Epoch: [0]  [180/258]  eta: 0:00:27  lr: 0.000014  min_lr: 0.000000  loss: 0.6651 (1.0440)  corr: -0.0925 (-0.0274)  loss_scale: 65536.0000 (65536.0000)  weight_decay: 0.0100 (0.0100)  grad_norm: 8.8287 (6.8359)  time: 0.3157  data: 0.0001  max mem: 6539
Epoch: [0]  [190/258]  eta: 0:00:24  lr: 0.000015  min_lr: 0.000000  loss: 0.7413 (1.0309)  corr: -0.1592 (-0.0312)  loss_scale: 65536.0000 (65536.0000)  weight_decay: 0.0100 (0.0100)  grad_norm: 7.8643 (6.7832)  time: 0.3161  data: 0.0001  max mem: 6539
Epoch: [0]  [200/258]  eta: 0:00:20  lr: 0.000016  min_lr: 0.000000  loss: 0.6916 (1.0354)  corr: -0.1271 (-0.0308)  loss_scale: 65536.0000 (65536.0000)  weight_decay: 0.0100 (0.0100)  grad_norm: 5.7876 (6.8174)  time: 0.3148  data: 0.0001  max mem: 6539
Epoch: [0]  [210/258]  eta: 0:00:16  lr: 0.000016  min_lr: 0.000000  loss: 0.6916 (1.0258)  corr: -0.1151 (-0.0327)  loss_scale: 65536.0000 (65536.0000)  weight_decay: 0.0100 (0.0100)  grad_norm: 5.3350 (6.7085)  time: 0.3140  data: 0.0002  max mem: 6539
Epoch: [0]  [220/258]  eta: 0:00:13  lr: 0.000017  min_lr: 0.000000  loss: 0.7671 (1.0279)  corr: -0.0993 (-0.0242)  loss_scale: 65536.0000 (65536.0000)  weight_decay: 0.0100 (0.0100)  grad_norm: 5.0555 (6.6720)  time: 0.3140  data: 0.0002  max mem: 6539
Epoch: [0]  [230/258]  eta: 0:00:09  lr: 0.000018  min_lr: 0.000000  loss: 0.7986 (1.0180)  corr: -0.0079 (-0.0268)  loss_scale: 65536.0000 (65536.0000)  weight_decay: 0.0100 (0.0100)  grad_norm: 5.0555 (6.6179)  time: 0.3140  data: 0.0002  max mem: 6539
Epoch: [0]  [240/258]  eta: 0:00:06  lr: 0.000019  min_lr: 0.000000  loss: 0.9560 (1.0194)  corr: -0.0071 (-0.0171)  loss_scale: 65536.0000 (65536.0000)  weight_decay: 0.0100 (0.0100)  grad_norm: 5.0555 (6.5973)  time: 0.3144  data: 0.0002  max mem: 6539
Epoch: [0]  [250/258]  eta: 0:00:02  lr: 0.000019  min_lr: 0.000000  loss: 0.8299 (1.0050)  corr: -0.0738 (-0.0236)  loss_scale: 65536.0000 (65536.0000)  weight_decay: 0.0100 (0.0100)  grad_norm: 5.4283 (6.6339)  time: 0.3146  data: 0.0001  max mem: 6539
Epoch: [0]  [257/258]  eta: 0:00:00  lr: 0.000020  min_lr: 0.000000  loss: 0.6570 (1.0010)  corr: -0.1235 (-0.0244)  loss_scale: 65536.0000 (65536.0000)  weight_decay: 0.0100 (0.0100)  grad_norm: 5.4283 (6.5750)  time: 0.3147  data: 0.0001  max mem: 6539
Epoch: [0] Total time: 0:01:29 (0.3460 s / it)
Averaged stats: lr: 0.000020  min_lr: 0.000000  loss: 0.6570 (1.0010)  corr: -0.1235 (-0.0244)  loss_scale: 65536.0000 (65536.0000)  weight_decay: 0.0100 (0.0100)  grad_norm: 5.4283 (6.5750)
Val:  [0/1]  eta: 0:00:03  loss: 1.3154 (1.3154)  mse: 1.3154 (1.3154)  corr: 0.0091 (0.0091)  time: 3.2133  data: 0.3802  max mem: 21116
Val: Total time: 0:00:03 (3.2417 s / it)
* loss 1.315
Correlation of the network on the 246 val EEG: 0.01
Test:  [0/1]  eta: 0:00:03  loss: 1.2167 (1.2167)  mse: 1.2167 (1.2167)  corr: 0.2838 (0.2838)  time: 3.2553  data: 0.2235  max mem: 21208
Test: Total time: 0:00:03 (3.2831 s / it)
* loss 1.217
Correlation of the network on the 247 test EEG: 0.28
Min mse val: 1.32, max corr test: 0.28
Epoch: [1]  [  0/258]  eta: 0:02:57  lr: 0.000020  min_lr: 0.000000  loss: 1.3046 (1.3046)  corr: -0.2086 (-0.2086)  loss_scale: 65536.0000 (65536.0000)  weight_decay: 0.0100 (0.0100)  time: 0.6890  data: 0.0352  max mem: 21208
Epoch: [1]  [ 10/258]  eta: 0:01:27  lr: 0.000021  min_lr: 0.000000  loss: 0.9409 (1.0517)  corr: -0.2086 (-0.1650)  loss_scale: 65536.0000 (65536.0000)  weight_decay: 0.0100 (0.0100)  grad_norm: 4.2379 (5.5728)  time: 0.3524  data: 0.0034  max mem: 21208
Epoch: [1]  [ 20/258]  eta: 0:01:19  lr: 0.000022  min_lr: 0.000000  loss: 0.8803 (1.3350)  corr: -0.0592 (-0.0763)  loss_scale: 65536.0000 (65536.0000)  weight_decay: 0.0100 (0.0100)  grad_norm: 4.2379 (5.3232)  time: 0.3173  data: 0.0001  max mem: 21208
Epoch: [1]  [ 30/258]  eta: 0:01:14  lr: 0.000022  min_lr: 0.000000  loss: 1.1031 (1.3675)  corr: -0.0592 (-0.0869)  loss_scale: 65536.0000 (65536.0000)  weight_decay: 0.0100 (0.0100)  grad_norm: 5.1358 (5.6521)  time: 0.3158  data: 0.0002  max mem: 21208
Epoch: [1]  [ 40/258]  eta: 0:01:11  lr: 0.000023  min_lr: 0.000000  loss: 1.1738 (1.3449)  corr: 0.0589 (0.0110)  loss_scale: 65536.0000 (65536.0000)  weight_decay: 0.0100 (0.0100)  grad_norm: 5.5693 (6.3382)  time: 0.3161  data: 0.0002  max mem: 21208
Epoch: [1]  [ 50/258]  eta: 0:01:07  lr: 0.000024  min_lr: 0.000000  loss: 0.9475 (1.2797)  corr: 0.2602 (0.0538)  loss_scale: 65536.0000 (65536.0000)  weight_decay: 0.0100 (0.0100)  grad_norm: 5.8108 (6.6447)  time: 0.3160  data: 0.0002  max mem: 21208
Epoch: [1]  [ 60/258]  eta: 0:01:03  lr: 0.000025  min_lr: 0.000000  loss: 0.9712 (1.2561)  corr: 0.1917 (0.0548)  loss_scale: 65536.0000 (65536.0000)  weight_decay: 0.0100 (0.0100)  grad_norm: 5.8108 (6.5562)  time: 0.3157  data: 0.0001  max mem: 21208
Epoch: [1]  [ 70/258]  eta: 0:01:00  lr: 0.000025  min_lr: 0.000000  loss: 0.7884 (1.2331)  corr: 0.0428 (0.0445)  loss_scale: 65536.0000 (65536.0000)  weight_decay: 0.0100 (0.0100)  grad_norm: 5.6062 (6.4500)  time: 0.3161  data: 0.0002  max mem: 21208
Epoch: [1]  [ 80/258]  eta: 0:00:57  lr: 0.000026  min_lr: 0.000000  loss: 0.7884 (1.2249)  corr: 0.1029 (0.0636)  loss_scale: 65536.0000 (65536.0000)  weight_decay: 0.0100 (0.0100)  grad_norm: 5.0145 (6.2206)  time: 0.3161  data: 0.0002  max mem: 21208
Epoch: [1]  [ 90/258]  eta: 0:00:53  lr: 0.000027  min_lr: 0.000000  loss: 0.7277 (1.1756)  corr: 0.0754 (0.0605)  loss_scale: 65536.0000 (65536.0000)  weight_decay: 0.0100 (0.0100)  grad_norm: 5.0145 (6.5694)  time: 0.3161  data: 0.0001  max mem: 21208
Epoch: [1]  [100/258]  eta: 0:00:50  lr: 0.000028  min_lr: 0.000000  loss: 0.4687 (1.1225)  corr: -0.0238 (0.0718)  loss_scale: 65536.0000 (65536.0000)  weight_decay: 0.0100 (0.0100)  grad_norm: 5.2085 (6.4937)  time: 0.3159  data: 0.0002  max mem: 21208
Epoch: [1]  [110/258]  eta: 0:00:47  lr: 0.000029  min_lr: 0.000000  loss: 0.4671 (1.1019)  corr: -0.0238 (0.0644)  loss_scale: 65536.0000 (65536.0000)  weight_decay: 0.0100 (0.0100)  grad_norm: 5.3386 (6.3294)  time: 0.3157  data: 0.0001  max mem: 21208
Epoch: [1]  [120/258]  eta: 0:00:44  lr: 0.000029  min_lr: 0.000000  loss: 0.7454 (1.0868)  corr: -0.0318 (0.0553)  loss_scale: 65536.0000 (65536.0000)  weight_decay: 0.0100 (0.0100)  grad_norm: 6.1690 (6.2591)  time: 0.3156  data: 0.0001  max mem: 21208
Epoch: [1]  [130/258]  eta: 0:00:40  lr: 0.000030  min_lr: 0.000000  loss: 0.7872 (1.0974)  corr: 0.0044 (0.0618)  loss_scale: 65536.0000 (65536.0000)  weight_decay: 0.0100 (0.0100)  grad_norm: 5.3386 (6.3946)  time: 0.3157  data: 0.0001  max mem: 21208
Epoch: [1]  [140/258]  eta: 0:00:37  lr: 0.000031  min_lr: 0.000000  loss: 0.7872 (1.0741)  corr: 0.2633 (0.0722)  loss_scale: 65536.0000 (65536.0000)  weight_decay: 0.0100 (0.0100)  grad_norm: 4.7190 (6.3212)  time: 0.3159  data: 0.0001  max mem: 21208
Epoch: [1]  [150/258]  eta: 0:00:34  lr: 0.000032  min_lr: 0.000000  loss: 0.8713 (1.0750)  corr: -0.0316 (0.0574)  loss_scale: 65536.0000 (65536.0000)  weight_decay: 0.0100 (0.0100)  grad_norm: 6.0128 (6.4970)  time: 0.3157  data: 0.0002  max mem: 21208
Epoch: [1]  [160/258]  eta: 0:00:31  lr: 0.000032  min_lr: 0.000000  loss: 0.8139 (1.0709)  corr: -0.1770 (0.0514)  loss_scale: 65536.0000 (65536.0000)  weight_decay: 0.0100 (0.0100)  grad_norm: 6.2072 (6.5033)  time: 0.3154  data: 0.0002  max mem: 21208
Epoch: [1]  [170/258]  eta: 0:00:27  lr: 0.000033  min_lr: 0.000000  loss: 0.6585 (1.0438)  corr: -0.0756 (0.0515)  loss_scale: 65536.0000 (65536.0000)  weight_decay: 0.0100 (0.0100)  grad_norm: 6.2072 (6.4500)  time: 0.3155  data: 0.0001  max mem: 21208
Epoch: [1]  [180/258]  eta: 0:00:24  lr: 0.000034  min_lr: 0.000000  loss: 0.6659 (1.0443)  corr: 0.0262 (0.0607)  loss_scale: 65536.0000 (65536.0000)  weight_decay: 0.0100 (0.0100)  grad_norm: 6.8922 (6.5145)  time: 0.3154  data: 0.0001  max mem: 21208
Epoch: [1]  [190/258]  eta: 0:00:21  lr: 0.000035  min_lr: 0.000000  loss: 0.7399 (1.0311)  corr: 0.1453 (0.0737)  loss_scale: 65536.0000 (65536.0000)  weight_decay: 0.0100 (0.0100)  grad_norm: 6.2072 (6.4571)  time: 0.3153  data: 0.0001  max mem: 21208
Epoch: [1]  [200/258]  eta: 0:00:18  lr: 0.000036  min_lr: 0.000000  loss: 0.6971 (1.0356)  corr: 0.0823 (0.0667)  loss_scale: 65536.0000 (65536.0000)  weight_decay: 0.0100 (0.0100)  grad_norm: 5.7297 (6.4815)  time: 0.3155  data: 0.0001  max mem: 21208
Epoch: [1]  [210/258]  eta: 0:00:15  lr: 0.000036  min_lr: 0.000000  loss: 0.6971 (1.0261)  corr: -0.0790 (0.0655)  loss_scale: 65536.0000 (65536.0000)  weight_decay: 0.0100 (0.0100)  grad_norm: 5.0535 (6.3912)  time: 0.3156  data: 0.0001  max mem: 21208
Epoch: [1]  [220/258]  eta: 0:00:12  lr: 0.000037  min_lr: 0.000000  loss: 0.7698 (1.0281)  corr: -0.1375 (0.0560)  loss_scale: 65536.0000 (65536.0000)  weight_decay: 0.0100 (0.0100)  grad_norm: 4.9509 (6.3717)  time: 0.3153  data: 0.0001  max mem: 21208
Epoch: [1]  [230/258]  eta: 0:00:08  lr: 0.000038  min_lr: 0.000000  loss: 0.7817 (1.0182)  corr: 0.0450 (0.0616)  loss_scale: 65536.0000 (65536.0000)  weight_decay: 0.0100 (0.0100)  grad_norm: 4.8176 (6.3017)  time: 0.3151  data: 0.0001  max mem: 21208
Epoch: [1]  [240/258]  eta: 0:00:05  lr: 0.000039  min_lr: 0.000000  loss: 0.9689 (1.0197)  corr: 0.1194 (0.0594)  loss_scale: 65536.0000 (65536.0000)  weight_decay: 0.0100 (0.0100)  grad_norm: 4.7156 (6.2921)  time: 0.3154  data: 0.0001  max mem: 21208
Epoch: [1]  [250/258]  eta: 0:00:02  lr: 0.000039  min_lr: 0.000000  loss: 0.8299 (1.0053)  corr: 0.1094 (0.0640)  loss_scale: 65536.0000 (65536.0000)  weight_decay: 0.0100 (0.0100)  grad_norm: 4.9683 (6.3149)  time: 0.3156  data: 0.0002  max mem: 21208
Epoch: [1]  [257/258]  eta: 0:00:00  lr: 0.000040  min_lr: 0.000000  loss: 0.6557 (1.0014)  corr: 0.1717 (0.0624)  loss_scale: 65536.0000 (65536.0000)  weight_decay: 0.0100 (0.0100)  grad_norm: 4.9683 (6.2504)  time: 0.3153  data: 0.0002  max mem: 21208
Epoch: [1] Total time: 0:01:21 (0.3176 s / it)
Averaged stats: lr: 0.000040  min_lr: 0.000000  loss: 0.6557 (1.0014)  corr: 0.1717 (0.0624)  loss_scale: 65536.0000 (65536.0000)  weight_decay: 0.0100 (0.0100)  grad_norm: 4.9683 (6.2504)
Val:  [0/1]  eta: 0:00:03  loss: 1.3151 (1.3151)  mse: 1.3151 (1.3151)  corr: 0.1383 (0.1383)  time: 3.0110  data: 0.2323  max mem: 21208
Val: Total time: 0:00:03 (3.0412 s / it)
* loss 1.315
Correlation of the network on the 246 val EEG: 0.14
Test:  [0/1]  eta: 0:00:03  loss: 1.2162 (1.2162)  mse: 1.2162 (1.2162)  corr: 0.2289 (0.2289)  time: 3.7483  data: 0.2360  max mem: 21208
Test: Total time: 0:00:03 (3.7777 s / it)
* loss 1.216
Correlation of the network on the 247 test EEG: 0.23
Min mse val: 1.32, max corr test: 0.23
Epoch: [2]  [  0/258]  eta: 0:02:42  lr: 0.000040  min_lr: 0.000000  loss: 1.3016 (1.3016)  corr: -0.0154 (-0.0154)  loss_scale: 65536.0000 (65536.0000)  weight_decay: 0.0100 (0.0100)  time: 0.6280  data: 0.0356  max mem: 21208
Epoch: [2]  [ 10/258]  eta: 0:01:26  lr: 0.000041  min_lr: 0.000000  loss: 0.9417 (1.0505)  corr: 0.1307 (0.1444)  loss_scale: 65536.0000 (65536.0000)  weight_decay: 0.0100 (0.0100)  grad_norm: 4.2341 (4.5270)  time: 0.3483  data: 0.0034  max mem: 21208
Epoch: [2]  [ 20/258]  eta: 0:01:19  lr: 0.000042  min_lr: 0.000000  loss: 0.8732 (1.3342)  corr: 0.0885 (0.0795)  loss_scale: 65536.0000 (65536.0000)  weight_decay: 0.0100 (0.0100)  grad_norm: 4.2341 (5.1656)  time: 0.3177  data: 0.0002  max mem: 21208
Epoch: [2]  [ 30/258]  eta: 0:01:14  lr: 0.000042  min_lr: 0.000000  loss: 1.1032 (1.3676)  corr: -0.0235 (0.0166)  loss_scale: 65536.0000 (65536.0000)  weight_decay: 0.0100 (0.0100)  grad_norm: 4.2356 (5.2356)  time: 0.3152  data: 0.0002  max mem: 21208
Epoch: [2]  [ 40/258]  eta: 0:01:10  lr: 0.000043  min_lr: 0.000000  loss: 1.1827 (1.3449)  corr: -0.0168 (0.0138)  loss_scale: 65536.0000 (65536.0000)  weight_decay: 0.0100 (0.0100)  grad_norm: 5.7323 (5.5798)  time: 0.3156  data: 0.0002  max mem: 21208
Epoch: [2]  [ 50/258]  eta: 0:01:07  lr: 0.000044  min_lr: 0.000000  loss: 0.9440 (1.2795)  corr: 0.0960 (0.0050)  loss_scale: 65536.0000 (65536.0000)  weight_decay: 0.0100 (0.0100)  grad_norm: 5.7907 (5.7781)  time: 0.3155  data: 0.0002  max mem: 21208
Epoch: [2]  [ 60/258]  eta: 0:01:03  lr: 0.000045  min_lr: 0.000000  loss: 0.9662 (1.2561)  corr: -0.1337 (0.0110)  loss_scale: 65536.0000 (65536.0000)  weight_decay: 0.0100 (0.0100)  grad_norm: 5.8516 (5.7586)  time: 0.3153  data: 0.0002  max mem: 21208
Epoch: [2]  [ 70/258]  eta: 0:01:00  lr: 0.000045  min_lr: 0.000000  loss: 0.7863 (1.2330)  corr: -0.1703 (0.0067)  loss_scale: 65536.0000 (65536.0000)  weight_decay: 0.0100 (0.0100)  grad_norm: 5.8516 (5.6206)  time: 0.3156  data: 0.0001  max mem: 21208
Epoch: [2]  [ 80/258]  eta: 0:00:56  lr: 0.000046  min_lr: 0.000000  loss: 0.7863 (1.2253)  corr: -0.0321 (0.0233)  loss_scale: 65536.0000 (65536.0000)  weight_decay: 0.0100 (0.0100)  grad_norm: 4.2233 (5.4604)  time: 0.3157  data: 0.0001  max mem: 21208
Epoch: [2]  [ 90/258]  eta: 0:00:53  lr: 0.000047  min_lr: 0.000000  loss: 0.7333 (1.1759)  corr: 0.0345 (0.0425)  loss_scale: 65536.0000 (65536.0000)  weight_decay: 0.0100 (0.0100)  grad_norm: 4.5661 (5.6858)  time: 0.3159  data: 0.0001  max mem: 21208
Epoch: [2]  [100/258]  eta: 0:00:50  lr: 0.000048  min_lr: 0.000000  loss: 0.4742 (1.1228)  corr: -0.0208 (0.0453)  loss_scale: 65536.0000 (65536.0000)  weight_decay: 0.0100 (0.0100)  grad_norm: 4.5661 (5.5888)  time: 0.3160  data: 0.0001  max mem: 21208
Epoch: [2]  [110/258]  eta: 0:00:47  lr: 0.000049  min_lr: 0.000000  loss: 0.4742 (1.1018)  corr: 0.1743 (0.0733)  loss_scale: 65536.0000 (65536.0000)  weight_decay: 0.0100 (0.0100)  grad_norm: 4.2233 (5.3928)  time: 0.3156  data: 0.0001  max mem: 21208
Epoch: [2]  [120/258]  eta: 0:00:43  lr: 0.000049  min_lr: 0.000000  loss: 0.7365 (1.0862)  corr: 0.2957 (0.0886)  loss_scale: 65536.0000 (65536.0000)  weight_decay: 0.0100 (0.0100)  grad_norm: 4.7397 (5.3655)  time: 0.3154  data: 0.0001  max mem: 21208
Epoch: [2]  [130/258]  eta: 0:00:40  lr: 0.000050  min_lr: 0.000000  loss: 0.7877 (1.0964)  corr: 0.1838 (0.0999)  loss_scale: 65536.0000 (65536.0000)  weight_decay: 0.0100 (0.0100)  grad_norm: 4.2081 (5.5025)  time: 0.3154  data: 0.0002  max mem: 21208
Epoch: [2]  [140/258]  eta: 0:00:37  lr: 0.000051  min_lr: 0.000000  loss: 0.7877 (1.0732)  corr: 0.2617 (0.1116)  loss_scale: 65536.0000 (65536.0000)  weight_decay: 0.0100 (0.0100)  grad_norm: 3.9742 (5.4467)  time: 0.3152  data: 0.0002  max mem: 21208
Epoch: [2]  [150/258]  eta: 0:00:34  lr: 0.000052  min_lr: 0.000000  loss: 0.8809 (1.0738)  corr: 0.3958 (0.1277)  loss_scale: 65536.0000 (65536.0000)  weight_decay: 0.0100 (0.0100)  grad_norm: 4.9372 (5.6482)  time: 0.3153  data: 0.0001  max mem: 21208
Epoch: [2]  [160/258]  eta: 0:00:31  lr: 0.000052  min_lr: 0.000000  loss: 0.8303 (1.0700)  corr: 0.2005 (0.1118)  loss_scale: 65536.0000 (65536.0000)  weight_decay: 0.0100 (0.0100)  grad_norm: 4.9372 (5.6589)  time: 0.3153  data: 0.0001  max mem: 21208
Epoch: [2]  [170/258]  eta: 0:00:27  lr: 0.000053  min_lr: 0.000000  loss: 0.6645 (1.0428)  corr: -0.0385 (0.1096)  loss_scale: 65536.0000 (65536.0000)  weight_decay: 0.0100 (0.0100)  grad_norm: 4.9372 (5.6270)  time: 0.3157  data: 0.0001  max mem: 21208
Epoch: [2]  [180/258]  eta: 0:00:24  lr: 0.000054  min_lr: 0.000000  loss: 0.6680 (1.0427)  corr: 0.2633 (0.1258)  loss_scale: 65536.0000 (65536.0000)  weight_decay: 0.0100 (0.0100)  grad_norm: 5.8931 (5.7001)  time: 0.3153  data: 0.0002  max mem: 21208
Epoch: [2]  [190/258]  eta: 0:00:21  lr: 0.000055  min_lr: 0.000000  loss: 0.7283 (1.0290)  corr: 0.4156 (0.1282)  loss_scale: 65536.0000 (65536.0000)  weight_decay: 0.0100 (0.0100)  grad_norm: 5.8931 (5.6726)  time: 0.3151  data: 0.0002  max mem: 21208
Epoch: [2]  [200/258]  eta: 0:00:18  lr: 0.000056  min_lr: 0.000000  loss: 0.7220 (1.0322)  corr: 0.2164 (0.1378)  loss_scale: 65536.0000 (65536.0000)  weight_decay: 0.0100 (0.0100)  grad_norm: 5.8931 (5.6941)  time: 0.3163  data: 0.0001  max mem: 21208
Epoch: [2]  [210/258]  eta: 0:00:15  lr: 0.000056  min_lr: 0.000000  loss: 0.7220 (1.0235)  corr: 0.2416 (0.1386)  loss_scale: 65536.0000 (65536.0000)  weight_decay: 0.0100 (0.0100)  grad_norm: 5.0003 (5.7022)  time: 0.3160  data: 0.0002  max mem: 21208
Epoch: [2]  [220/258]  eta: 0:00:12  lr: 0.000057  min_lr: 0.000000  loss: 0.7455 (1.0231)  corr: 0.2731 (0.1454)  loss_scale: 65536.0000 (65536.0000)  weight_decay: 0.0100 (0.0100)  grad_norm: 5.0003 (5.7943)  time: 0.3149  data: 0.0002  max mem: 21208
Epoch: [2]  [230/258]  eta: 0:00:08  lr: 0.000058  min_lr: 0.000000  loss: 0.7745 (1.0128)  corr: 0.2731 (0.1477)  loss_scale: 65536.0000 (65536.0000)  weight_decay: 0.0100 (0.0100)  grad_norm: 4.8594 (5.7689)  time: 0.3145  data: 0.0002  max mem: 21208
Epoch: [2]  [240/258]  eta: 0:00:05  lr: 0.000059  min_lr: 0.000000  loss: 0.8964 (1.0140)  corr: 0.2114 (0.1416)  loss_scale: 65536.0000 (65536.0000)  weight_decay: 0.0100 (0.0100)  grad_norm: 4.9864 (5.8220)  time: 0.3145  data: 0.0002  max mem: 21208
Epoch: [2]  [250/258]  eta: 0:00:02  lr: 0.000059  min_lr: 0.000000  loss: 0.8684 (1.0004)  corr: -0.0671 (0.1355)  loss_scale: 65536.0000 (65536.0000)  weight_decay: 0.0100 (0.0100)  grad_norm: 6.2706 (5.9235)  time: 0.3147  data: 0.0001  max mem: 21208
Epoch: [2]  [257/258]  eta: 0:00:00  lr: 0.000060  min_lr: 0.000000  loss: 0.7436 (0.9964)  corr: 0.0008 (0.1327)  loss_scale: 65536.0000 (65536.0000)  weight_decay: 0.0100 (0.0100)  grad_norm: 6.2706 (5.9403)  time: 0.3147  data: 0.0001  max mem: 21208
Epoch: [2] Total time: 0:01:21 (0.3172 s / it)
Averaged stats: lr: 0.000060  min_lr: 0.000000  loss: 0.7436 (0.9964)  corr: 0.0008 (0.1327)  loss_scale: 65536.0000 (65536.0000)  weight_decay: 0.0100 (0.0100)  grad_norm: 6.2706 (5.9403)
Val:  [0/1]  eta: 0:00:03  loss: 1.2846 (1.2846)  mse: 1.2846 (1.2846)  corr: 0.1980 (0.1980)  time: 3.3118  data: 0.2330  max mem: 21208
Val: Total time: 0:00:03 (3.3417 s / it)
* loss 1.285
Correlation of the network on the 246 val EEG: 0.20
Test:  [0/1]  eta: 0:00:03  loss: 1.1769 (1.1769)  mse: 1.1769 (1.1769)  corr: 0.2541 (0.2541)  time: 3.4869  data: 0.2330  max mem: 21208
Test: Total time: 0:00:03 (3.5163 s / it)
* loss 1.177
Correlation of the network on the 247 test EEG: 0.25
Min mse val: 1.28, max corr test: 0.25
Epoch: [3]  [  0/258]  eta: 0:03:21  lr: 0.000060  min_lr: 0.000000  loss: 1.3901 (1.3901)  corr: 0.2053 (0.2053)  loss_scale: 65536.0000 (65536.0000)  weight_decay: 0.0100 (0.0100)  time: 0.7808  data: 0.0415  max mem: 21208
Epoch: [3]  [ 10/258]  eta: 0:01:29  lr: 0.000061  min_lr: 0.000000  loss: 0.8899 (0.9966)  corr: 0.2367 (0.3460)  loss_scale: 65536.0000 (65536.0000)  weight_decay: 0.0100 (0.0100)  grad_norm: 8.5474 (8.4744)  time: 0.3599  data: 0.0039  max mem: 21208
Epoch: [3]  [ 20/258]  eta: 0:01:20  lr: 0.000062  min_lr: 0.000000  loss: 0.7974 (1.2648)  corr: 0.2594 (0.3078)  loss_scale: 65536.0000 (65536.0000)  weight_decay: 0.0100 (0.0100)  grad_norm: 8.2973 (8.8750)  time: 0.3161  data: 0.0002  max mem: 21208
Epoch: [3]  [ 30/258]  eta: 0:01:15  lr: 0.000062  min_lr: 0.000000  loss: 1.0637 (1.3122)  corr: 0.2491 (0.2380)  loss_scale: 65536.0000 (65536.0000)  weight_decay: 0.0100 (0.0100)  grad_norm: 8.2973 (8.6826)  time: 0.3146  data: 0.0002  max mem: 21208
Epoch: [3]  [ 40/258]  eta: 0:01:11  lr: 0.000063  min_lr: 0.000000  loss: 1.1620 (1.2991)  corr: -0.0458 (0.2150)  loss_scale: 65536.0000 (65536.0000)  weight_decay: 0.0100 (0.0100)  grad_norm: 7.2796 (8.8069)  time: 0.3146  data: 0.0001  max mem: 21208
Epoch: [3]  [ 50/258]  eta: 0:01:07  lr: 0.000064  min_lr: 0.000000  loss: 0.9267 (1.2247)  corr: 0.2097 (0.1964)  loss_scale: 65536.0000 (65536.0000)  weight_decay: 0.0100 (0.0100)  grad_norm: 7.2796 (8.7894)  time: 0.3144  data: 0.0001  max mem: 21208
Epoch: [3]  [ 60/258]  eta: 0:01:03  lr: 0.000065  min_lr: 0.000000  loss: 0.8428 (1.2096)  corr: 0.2097 (0.1890)  loss_scale: 65536.0000 (65536.0000)  weight_decay: 0.0100 (0.0100)  grad_norm: 7.7391 (9.4114)  time: 0.3146  data: 0.0001  max mem: 21208
Epoch: [3]  [ 70/258]  eta: 0:01:00  lr: 0.000066  min_lr: 0.000000  loss: 0.8213 (1.1805)  corr: 0.2952 (0.2186)  loss_scale: 65536.0000 (65536.0000)  weight_decay: 0.0100 (0.0100)  grad_norm: 9.6509 (9.4110)  time: 0.3146  data: 0.0002  max mem: 21208
Epoch: [3]  [ 80/258]  eta: 0:00:57  lr: 0.000066  min_lr: 0.000000  loss: 0.8094 (1.1707)  corr: 0.2952 (0.2126)  loss_scale: 65536.0000 (65536.0000)  weight_decay: 0.0100 (0.0100)  grad_norm: 9.6509 (9.2286)  time: 0.3144  data: 0.0002  max mem: 21208
Epoch: [3]  [ 90/258]  eta: 0:00:53  lr: 0.000067  min_lr: 0.000000  loss: 0.6813 (1.1282)  corr: 0.2481 (0.2221)  loss_scale: 65536.0000 (65536.0000)  weight_decay: 0.0100 (0.0100)  grad_norm: 9.6509 (9.2998)  time: 0.3143  data: 0.0002  max mem: 21208
Epoch: [3]  [100/258]  eta: 0:00:50  lr: 0.000068  min_lr: 0.000000  loss: 0.5294 (1.0759)  corr: 0.2490 (0.2244)  loss_scale: 65536.0000 (65536.0000)  weight_decay: 0.0100 (0.0100)  grad_norm: 8.1481 (9.1577)  time: 0.3143  data: 0.0002  max mem: 21208
Epoch: [3]  [110/258]  eta: 0:00:47  lr: 0.000069  min_lr: 0.000000  loss: 0.4232 (1.0433)  corr: 0.2490 (0.2395)  loss_scale: 65536.0000 (65536.0000)  weight_decay: 0.0100 (0.0100)  grad_norm: 7.5706 (9.1015)  time: 0.3145  data: 0.0002  max mem: 21208
Epoch: [3]  [120/258]  eta: 0:00:43  lr: 0.000069  min_lr: 0.000000  loss: 0.6117 (1.0238)  corr: 0.4168 (0.2475)  loss_scale: 65536.0000 (65536.0000)  weight_decay: 0.0100 (0.0100)  grad_norm: 7.5706 (9.0699)  time: 0.3145  data: 0.0002  max mem: 21208
Epoch: [3]  [130/258]  eta: 0:00:40  lr: 0.000070  min_lr: 0.000000  loss: 0.7465 (1.0321)  corr: 0.3252 (0.2486)  loss_scale: 65536.0000 (65536.0000)  weight_decay: 0.0100 (0.0100)  grad_norm: 6.8890 (9.0989)  time: 0.3143  data: 0.0002  max mem: 21208
Epoch: [3]  [140/258]  eta: 0:00:37  lr: 0.000071  min_lr: 0.000000  loss: 0.6935 (1.0080)  corr: 0.3193 (0.2526)  loss_scale: 65536.0000 (65536.0000)  weight_decay: 0.0100 (0.0100)  grad_norm: 5.9286 (8.8736)  time: 0.3143  data: 0.0001  max mem: 21208
Epoch: [3]  [150/258]  eta: 0:00:34  lr: 0.000072  min_lr: 0.000000  loss: 0.8083 (1.0096)  corr: 0.4306 (0.2588)  loss_scale: 65536.0000 (65536.0000)  weight_decay: 0.0100 (0.0100)  grad_norm: 8.1739 (8.9266)  time: 0.3145  data: 0.0002  max mem: 21208
Epoch: [3]  [160/258]  eta: 0:00:31  lr: 0.000073  min_lr: 0.000000  loss: 0.8805 (1.0107)  corr: 0.2200 (0.2382)  loss_scale: 65536.0000 (65536.0000)  weight_decay: 0.0100 (0.0100)  grad_norm: 8.1739 (8.8928)  time: 0.3144  data: 0.0002  max mem: 21208
Epoch: [3]  [170/258]  eta: 0:00:27  lr: 0.000073  min_lr: 0.000000  loss: 0.7261 (0.9875)  corr: -0.0273 (0.2266)  loss_scale: 65536.0000 (65536.0000)  weight_decay: 0.0100 (0.0100)  grad_norm: 5.9286 (8.8468)  time: 0.3141  data: 0.0002  max mem: 21208
Epoch: [3]  [180/258]  eta: 0:00:24  lr: 0.000074  min_lr: 0.000000  loss: 0.6891 (0.9807)  corr: 0.2924 (0.2406)  loss_scale: 65536.0000 (65536.0000)  weight_decay: 0.0100 (0.0100)  grad_norm: 8.1739 (8.8792)  time: 0.3143  data: 0.0001  max mem: 21208
Epoch: [3]  [190/258]  eta: 0:00:21  lr: 0.000075  min_lr: 0.000000  loss: 0.7233 (0.9670)  corr: 0.3090 (0.2388)  loss_scale: 65536.0000 (65536.0000)  weight_decay: 0.0100 (0.0100)  grad_norm: 5.8848 (8.7703)  time: 0.3145  data: 0.0001  max mem: 21208
Epoch: [3]  [200/258]  eta: 0:00:18  lr: 0.000076  min_lr: 0.000000  loss: 0.7147 (0.9683)  corr: 0.2321 (0.2438)  loss_scale: 65536.0000 (65536.0000)  weight_decay: 0.0100 (0.0100)  grad_norm: 5.8848 (8.7301)  time: 0.3144  data: 0.0001  max mem: 21208
Epoch: [3]  [210/258]  eta: 0:00:15  lr: 0.000076  min_lr: 0.000000  loss: 0.7096 (0.9637)  corr: 0.1981 (0.2436)  loss_scale: 65536.0000 (65536.0000)  weight_decay: 0.0100 (0.0100)  grad_norm: 7.4354 (8.7550)  time: 0.3144  data: 0.0001  max mem: 21208
Epoch: [3]  [220/258]  eta: 0:00:12  lr: 0.000077  min_lr: 0.000000  loss: 0.7096 (0.9581)  corr: 0.2823 (0.2460)  loss_scale: 65536.0000 (65536.0000)  weight_decay: 0.0100 (0.0100)  grad_norm: 7.4354 (8.9133)  time: 0.3143  data: 0.0001  max mem: 21208
Epoch: [3]  [230/258]  eta: 0:00:08  lr: 0.000078  min_lr: 0.000000  loss: 0.6994 (0.9489)  corr: 0.2823 (0.2441)  loss_scale: 65536.0000 (65536.0000)  weight_decay: 0.0100 (0.0100)  grad_norm: 7.8403 (8.7652)  time: 0.3142  data: 0.0002  max mem: 21208
Epoch: [3]  [240/258]  eta: 0:00:05  lr: 0.000079  min_lr: 0.000000  loss: 0.8073 (0.9516)  corr: 0.1432 (0.2364)  loss_scale: 65536.0000 (65536.0000)  weight_decay: 0.0100 (0.0100)  grad_norm: 8.3770 (8.8012)  time: 0.3144  data: 0.0002  max mem: 21208
Epoch: [3]  [250/258]  eta: 0:00:02  lr: 0.000080  min_lr: 0.000000  loss: 0.7807 (0.9417)  corr: -0.0173 (0.2276)  loss_scale: 65536.0000 (65536.0000)  weight_decay: 0.0100 (0.0100)  grad_norm: 8.7840 (8.8361)  time: 0.3143  data: 0.0002  max mem: 21208
Epoch: [3]  [257/258]  eta: 0:00:00  lr: 0.000080  min_lr: 0.000000  loss: 0.7807 (0.9393)  corr: 0.0322 (0.2228)  loss_scale: 65536.0000 (65536.0000)  weight_decay: 0.0100 (0.0100)  grad_norm: 8.7840 (8.8088)  time: 0.3141  data: 0.0001  max mem: 21208
Epoch: [3] Total time: 0:01:21 (0.3167 s / it)
Averaged stats: lr: 0.000080  min_lr: 0.000000  loss: 0.7807 (0.9393)  corr: 0.0322 (0.2228)  loss_scale: 65536.0000 (65536.0000)  weight_decay: 0.0100 (0.0100)  grad_norm: 8.7840 (8.8088)
Val:  [0/1]  eta: 0:00:02  loss: 1.2630 (1.2630)  mse: 1.2630 (1.2630)  corr: 0.2149 (0.2149)  time: 2.9849  data: 0.2413  max mem: 21208
Val: Total time: 0:00:03 (3.0163 s / it)
* loss 1.263
Correlation of the network on the 246 val EEG: 0.21
Test:  [0/1]  eta: 0:00:03  loss: 1.1426 (1.1426)  mse: 1.1426 (1.1426)  corr: 0.2705 (0.2705)  time: 3.2243  data: 0.2297  max mem: 21208
Test: Total time: 0:00:03 (3.2544 s / it)
* loss 1.143
Correlation of the network on the 247 test EEG: 0.27
Min mse val: 1.26, max corr test: 0.27
Epoch: [4]  [  0/258]  eta: 0:02:37  lr: 0.000080  min_lr: 0.000000  loss: 1.3744 (1.3744)  corr: 0.2555 (0.2555)  loss_scale: 65536.0000 (65536.0000)  weight_decay: 0.0100 (0.0100)  time: 0.6108  data: 0.0359  max mem: 21208
Epoch: [4]  [ 10/258]  eta: 0:01:24  lr: 0.000081  min_lr: 0.000000  loss: 0.8718 (0.9387)  corr: 0.2693 (0.3888)  loss_scale: 65536.0000 (65536.0000)  weight_decay: 0.0100 (0.0100)  grad_norm: 5.7850 (6.6754)  time: 0.3420  data: 0.0034  max mem: 21208
Epoch: [4]  [ 20/258]  eta: 0:01:18  lr: 0.000082  min_lr: 0.000000  loss: 0.7569 (1.2051)  corr: 0.2693 (0.3378)  loss_scale: 65536.0000 (65536.0000)  weight_decay: 0.0100 (0.0100)  grad_norm: 6.0159 (8.1833)  time: 0.3144  data: 0.0001  max mem: 21208
Epoch: [4]  [ 30/258]  eta: 0:01:13  lr: 0.000082  min_lr: 0.000000  loss: 0.9838 (1.2613)  corr: 0.1694 (0.2808)  loss_scale: 65536.0000 (65536.0000)  weight_decay: 0.0100 (0.0100)  grad_norm: 6.0275 (7.8326)  time: 0.3139  data: 0.0001  max mem: 21208
Epoch: [4]  [ 40/258]  eta: 0:01:10  lr: 0.000083  min_lr: 0.000000  loss: 1.1495 (1.2533)  corr: 0.2098 (0.2533)  loss_scale: 65536.0000 (65536.0000)  weight_decay: 0.0100 (0.0100)  grad_norm: 6.0275 (8.1885)  time: 0.3140  data: 0.0002  max mem: 21208
Epoch: [4]  [ 50/258]  eta: 0:01:06  lr: 0.000084  min_lr: 0.000000  loss: 0.9214 (1.1849)  corr: 0.2351 (0.2313)  loss_scale: 65536.0000 (65536.0000)  weight_decay: 0.0100 (0.0100)  grad_norm: 6.7294 (8.3973)  time: 0.3139  data: 0.0002  max mem: 21208
Epoch: [4]  [ 60/258]  eta: 0:01:03  lr: 0.000085  min_lr: 0.000000  loss: 0.8677 (1.1649)  corr: 0.2620 (0.2227)  loss_scale: 65536.0000 (65536.0000)  weight_decay: 0.0100 (0.0100)  grad_norm: 6.8603 (8.4278)  time: 0.3141  data: 0.0002  max mem: 21208
Epoch: [4]  [ 70/258]  eta: 0:00:59  lr: 0.000086  min_lr: 0.000000  loss: 0.8993 (1.1373)  corr: 0.3254 (0.2532)  loss_scale: 65536.0000 (65536.0000)  weight_decay: 0.0100 (0.0100)  grad_norm: 9.3341 (8.6913)  time: 0.3140  data: 0.0001  max mem: 21208
Epoch: [4]  [ 80/258]  eta: 0:00:56  lr: 0.000086  min_lr: 0.000000  loss: 0.8414 (1.1319)  corr: 0.1880 (0.2398)  loss_scale: 65536.0000 (65536.0000)  weight_decay: 0.0100 (0.0100)  grad_norm: 9.2829 (8.6709)  time: 0.3138  data: 0.0001  max mem: 21208
Epoch: [4]  [ 90/258]  eta: 0:00:53  lr: 0.000087  min_lr: 0.000000  loss: 0.7488 (1.0943)  corr: 0.1880 (0.2437)  loss_scale: 65536.0000 (65536.0000)  weight_decay: 0.0100 (0.0100)  grad_norm: 9.2829 (8.8939)  time: 0.3141  data: 0.0001  max mem: 21208
Epoch: [4]  [100/258]  eta: 0:00:50  lr: 0.000088  min_lr: 0.000000  loss: 0.5459 (1.0459)  corr: 0.2347 (0.2429)  loss_scale: 65536.0000 (65536.0000)  weight_decay: 0.0100 (0.0100)  grad_norm: 8.5379 (8.8634)  time: 0.3144  data: 0.0001  max mem: 21208
Epoch: [4]  [110/258]  eta: 0:00:46  lr: 0.000089  min_lr: 0.000000  loss: 0.4645 (1.0096)  corr: 0.3154 (0.2582)  loss_scale: 65536.0000 (65536.0000)  weight_decay: 0.0100 (0.0100)  grad_norm: 6.6654 (8.7601)  time: 0.3147  data: 0.0001  max mem: 21208
Epoch: [4]  [120/258]  eta: 0:00:43  lr: 0.000089  min_lr: 0.000000  loss: 0.5622 (0.9918)  corr: 0.3977 (0.2678)  loss_scale: 65536.0000 (65536.0000)  weight_decay: 0.0100 (0.0100)  grad_norm: 6.6654 (8.7226)  time: 0.3148  data: 0.0001  max mem: 21208
Epoch: [4]  [130/258]  eta: 0:00:40  lr: 0.000090  min_lr: 0.000000  loss: 0.7162 (1.0017)  corr: 0.3550 (0.2684)  loss_scale: 65536.0000 (65536.0000)  weight_decay: 0.0100 (0.0100)  grad_norm: 6.4321 (8.6983)  time: 0.3263  data: 0.0001  max mem: 21208
Epoch: [4]  [140/258]  eta: 0:00:37  lr: 0.000091  min_lr: 0.000000  loss: 0.6624 (0.9781)  corr: 0.3192 (0.2727)  loss_scale: 65536.0000 (65536.0000)  weight_decay: 0.0100 (0.0100)  grad_norm: 5.9747 (8.4760)  time: 0.3308  data: 0.0001  max mem: 21208
Epoch: [4]  [150/258]  eta: 0:00:34  lr: 0.000092  min_lr: 0.000000  loss: 0.7610 (0.9807)  corr: 0.4066 (0.2762)  loss_scale: 65536.0000 (65536.0000)  weight_decay: 0.0100 (0.0100)  grad_norm: 7.1140 (8.5215)  time: 0.3190  data: 0.0001  max mem: 21208
Epoch: [4]  [160/258]  eta: 0:00:31  lr: 0.000093  min_lr: 0.000000  loss: 0.8773 (0.9822)  corr: 0.1240 (0.2568)  loss_scale: 65536.0000 (65536.0000)  weight_decay: 0.0100 (0.0100)  grad_norm: 7.8623 (8.5521)  time: 0.3142  data: 0.0001  max mem: 21208
Epoch: [4]  [170/258]  eta: 0:00:27  lr: 0.000093  min_lr: 0.000000  loss: 0.7231 (0.9601)  corr: -0.0132 (0.2442)  loss_scale: 65536.0000 (65536.0000)  weight_decay: 0.0100 (0.0100)  grad_norm: 6.9652 (8.5069)  time: 0.3137  data: 0.0002  max mem: 21208
Epoch: [4]  [180/258]  eta: 0:00:24  lr: 0.000094  min_lr: 0.000000  loss: 0.7100 (0.9522)  corr: 0.3127 (0.2595)  loss_scale: 65536.0000 (65536.0000)  weight_decay: 0.0100 (0.0100)  grad_norm: 7.8623 (8.5667)  time: 0.3133  data: 0.0002  max mem: 21208
Epoch: [4]  [190/258]  eta: 0:00:21  lr: 0.000095  min_lr: 0.000000  loss: 0.7013 (0.9393)  corr: 0.3348 (0.2571)  loss_scale: 65536.0000 (65536.0000)  weight_decay: 0.0100 (0.0100)  grad_norm: 6.3465 (8.4564)  time: 0.3135  data: 0.0001  max mem: 21208
Epoch: [4]  [200/258]  eta: 0:00:18  lr: 0.000096  min_lr: 0.000000  loss: 0.6884 (0.9411)  corr: 0.2664 (0.2617)  loss_scale: 65536.0000 (65536.0000)  weight_decay: 0.0100 (0.0100)  grad_norm: 6.0421 (8.4558)  time: 0.3134  data: 0.0001  max mem: 21208
Epoch: [4]  [210/258]  eta: 0:00:15  lr: 0.000096  min_lr: 0.000000  loss: 0.7021 (0.9387)  corr: 0.2098 (0.2598)  loss_scale: 65536.0000 (65536.0000)  weight_decay: 0.0100 (0.0100)  grad_norm: 6.9399 (8.5569)  time: 0.3136  data: 0.0002  max mem: 21208
Epoch: [4]  [220/258]  eta: 0:00:12  lr: 0.000097  min_lr: 0.000000  loss: 0.7021 (0.9320)  corr: 0.3388 (0.2633)  loss_scale: 65536.0000 (65536.0000)  weight_decay: 0.0100 (0.0100)  grad_norm: 6.9399 (8.7104)  time: 0.3140  data: 0.0002  max mem: 21208
Epoch: [4]  [230/258]  eta: 0:00:08  lr: 0.000098  min_lr: 0.000000  loss: 0.6951 (0.9230)  corr: 0.3388 (0.2625)  loss_scale: 65536.0000 (65536.0000)  weight_decay: 0.0100 (0.0100)  grad_norm: 5.5392 (8.5490)  time: 0.3135  data: 0.0001  max mem: 21208
Epoch: [4]  [240/258]  eta: 0:00:05  lr: 0.000099  min_lr: 0.000000  loss: 0.7617 (0.9255)  corr: 0.2442 (0.2546)  loss_scale: 65536.0000 (65536.0000)  weight_decay: 0.0100 (0.0100)  grad_norm: 7.1838 (8.5731)  time: 0.3133  data: 0.0001  max mem: 21208
Epoch: [4]  [250/258]  eta: 0:00:02  lr: 0.000100  min_lr: 0.000000  loss: 0.7617 (0.9163)  corr: 0.0520 (0.2457)  loss_scale: 65536.0000 (65536.0000)  weight_decay: 0.0100 (0.0100)  grad_norm: 7.5797 (8.6036)  time: 0.3133  data: 0.0001  max mem: 21208
Epoch: [4]  [257/258]  eta: 0:00:00  lr: 0.000100  min_lr: 0.000000  loss: 0.7617 (0.9144)  corr: 0.0520 (0.2401)  loss_scale: 65536.0000 (65536.0000)  weight_decay: 0.0100 (0.0100)  grad_norm: 6.9063 (8.5489)  time: 0.3133  data: 0.0001  max mem: 21208
Epoch: [4] Total time: 0:01:21 (0.3167 s / it)
Averaged stats: lr: 0.000100  min_lr: 0.000000  loss: 0.7617 (0.9144)  corr: 0.0520 (0.2401)  loss_scale: 65536.0000 (65536.0000)  weight_decay: 0.0100 (0.0100)  grad_norm: 6.9063 (8.5489)
Val:  [0/1]  eta: 0:00:02  loss: 1.2506 (1.2506)  mse: 1.2506 (1.2506)  corr: 0.2251 (0.2251)  time: 2.9949  data: 0.2442  max mem: 21208
Val: Total time: 0:00:03 (3.0246 s / it)
* loss 1.251
Correlation of the network on the 246 val EEG: 0.23
Test:  [0/1]  eta: 0:00:03  loss: 1.1279 (1.1279)  mse: 1.1279 (1.1279)  corr: 0.2874 (0.2874)  time: 3.2701  data: 0.2322  max mem: 21208
Test: Total time: 0:00:03 (3.3000 s / it)
* loss 1.128
Correlation of the network on the 247 test EEG: 0.29
Min mse val: 1.25, max corr test: 0.29
Epoch: [5]  [  0/258]  eta: 0:01:44  lr: 0.000100  min_lr: 0.000000  loss: 1.4047 (1.4047)  corr: 0.2312 (0.2312)  loss_scale: 65536.0000 (65536.0000)  weight_decay: 0.0100 (0.0100)  time: 0.4054  data: 0.0352  max mem: 21208
Epoch: [5]  [ 10/258]  eta: 0:01:20  lr: 0.000100  min_lr: 0.000000  loss: 0.7723 (0.9205)  corr: 0.3425 (0.4077)  loss_scale: 65536.0000 (65536.0000)  weight_decay: 0.0100 (0.0100)  grad_norm: 7.0104 (8.1635)  time: 0.3230  data: 0.0033  max mem: 21208
Epoch: [5]  [ 20/258]  eta: 0:01:15  lr: 0.000100  min_lr: 0.000000  loss: 0.7393 (1.1916)  corr: 0.3222 (0.3425)  loss_scale: 65536.0000 (65536.0000)  weight_decay: 0.0100 (0.0100)  grad_norm: 6.2887 (8.9933)  time: 0.3141  data: 0.0001  max mem: 21208
Epoch: [5]  [ 30/258]  eta: 0:01:12  lr: 0.000100  min_lr: 0.000000  loss: 0.9881 (1.2497)  corr: 0.1795 (0.2974)  loss_scale: 65536.0000 (65536.0000)  weight_decay: 0.0100 (0.0100)  grad_norm: 7.0104 (8.2570)  time: 0.3156  data: 0.0001  max mem: 21208
Epoch: [5]  [ 40/258]  eta: 0:01:10  lr: 0.000100  min_lr: 0.000000  loss: 1.1230 (1.2351)  corr: 0.2654 (0.2785)  loss_scale: 65536.0000 (65536.0000)  weight_decay: 0.0100 (0.0100)  grad_norm: 7.0104 (8.4425)  time: 0.3270  data: 0.0002  max mem: 21208
Epoch: [5]  [ 50/258]  eta: 0:01:07  lr: 0.000100  min_lr: 0.000000  loss: 0.8921 (1.1632)  corr: 0.2844 (0.2503)  loss_scale: 65536.0000 (65536.0000)  weight_decay: 0.0100 (0.0100)  grad_norm: 7.2794 (8.7684)  time: 0.3379  data: 0.0002  max mem: 21208
Epoch: [5]  [ 60/258]  eta: 0:01:05  lr: 0.000100  min_lr: 0.000000  loss: 0.8757 (1.1430)  corr: 0.1489 (0.2389)  loss_scale: 65536.0000 (65536.0000)  weight_decay: 0.0100 (0.0100)  grad_norm: 7.8783 (8.6522)  time: 0.3408  data: 0.0002  max mem: 21208
Epoch: [5]  [ 70/258]  eta: 0:01:02  lr: 0.000100  min_lr: 0.000000  loss: 0.8959 (1.1172)  corr: 0.3276 (0.2716)  loss_scale: 65536.0000 (65536.0000)  weight_decay: 0.0100 (0.0100)  grad_norm: 8.6736 (8.8741)  time: 0.3419  data: 0.0003  max mem: 21208
Epoch: [5]  [ 80/258]  eta: 0:00:59  lr: 0.000100  min_lr: 0.000000  loss: 0.7769 (1.1112)  corr: 0.2292 (0.2584)  loss_scale: 65536.0000 (65536.0000)  weight_decay: 0.0100 (0.0100)  grad_norm: 8.6736 (8.8717)  time: 0.3428  data: 0.0003  max mem: 21208
Epoch: [5]  [ 90/258]  eta: 0:00:56  lr: 0.000100  min_lr: 0.000000  loss: 0.7247 (1.0751)  corr: 0.2057 (0.2631)  loss_scale: 65536.0000 (65536.0000)  weight_decay: 0.0100 (0.0100)  grad_norm: 9.2215 (9.0753)  time: 0.3446  data: 0.0003  max mem: 21208
Epoch: [5]  [100/258]  eta: 0:00:52  lr: 0.000100  min_lr: 0.000000  loss: 0.6064 (1.0279)  corr: 0.2810 (0.2612)  loss_scale: 65536.0000 (65536.0000)  weight_decay: 0.0100 (0.0100)  grad_norm: 9.1177 (9.0849)  time: 0.3489  data: 0.0003  max mem: 21208
Epoch: [5]  [110/258]  eta: 0:00:49  lr: 0.000100  min_lr: 0.000000  loss: 0.3644 (0.9898)  corr: 0.2810 (0.2753)  loss_scale: 65536.0000 (65536.0000)  weight_decay: 0.0100 (0.0100)  grad_norm: 7.8910 (9.0188)  time: 0.3493  data: 0.0003  max mem: 21208
Epoch: [5]  [120/258]  eta: 0:00:46  lr: 0.000100  min_lr: 0.000000  loss: 0.5625 (0.9739)  corr: 0.4069 (0.2818)  loss_scale: 65536.0000 (65536.0000)  weight_decay: 0.0100 (0.0100)  grad_norm: 5.6437 (8.8513)  time: 0.3454  data: 0.0002  max mem: 21208
Epoch: [5]  [130/258]  eta: 0:00:43  lr: 0.000100  min_lr: 0.000000  loss: 0.6854 (0.9845)  corr: 0.2881 (0.2805)  loss_scale: 65536.0000 (65536.0000)  weight_decay: 0.0100 (0.0100)  grad_norm: 6.1241 (8.9006)  time: 0.3450  data: 0.0003  max mem: 21208
Epoch: [5]  [140/258]  eta: 0:00:39  lr: 0.000100  min_lr: 0.000000  loss: 0.6411 (0.9616)  corr: 0.2881 (0.2849)  loss_scale: 65536.0000 (65536.0000)  weight_decay: 0.0100 (0.0100)  grad_norm: 5.4093 (8.6462)  time: 0.3449  data: 0.0003  max mem: 21208
Epoch: [5]  [150/258]  eta: 0:00:36  lr: 0.000100  min_lr: 0.000000  loss: 0.7527 (0.9648)  corr: 0.4005 (0.2875)  loss_scale: 65536.0000 (65536.0000)  weight_decay: 0.0100 (0.0100)  grad_norm: 6.1241 (8.6368)  time: 0.3446  data: 0.0003  max mem: 21208
Epoch: [5]  [160/258]  eta: 0:00:33  lr: 0.000100  min_lr: 0.000000  loss: 0.8614 (0.9666)  corr: 0.1433 (0.2682)  loss_scale: 65536.0000 (65536.0000)  weight_decay: 0.0100 (0.0100)  grad_norm: 8.0553 (8.6490)  time: 0.3445  data: 0.0002  max mem: 21208
Epoch: [5]  [170/258]  eta: 0:00:29  lr: 0.000100  min_lr: 0.000000  loss: 0.7204 (0.9454)  corr: -0.0154 (0.2532)  loss_scale: 65536.0000 (65536.0000)  weight_decay: 0.0100 (0.0100)  grad_norm: 5.8020 (8.5253)  time: 0.3444  data: 0.0002  max mem: 21208
Epoch: [5]  [180/258]  eta: 0:00:26  lr: 0.000099  min_lr: 0.000000  loss: 0.6674 (0.9371)  corr: 0.3380 (0.2690)  loss_scale: 65536.0000 (65536.0000)  weight_decay: 0.0100 (0.0100)  grad_norm: 8.0553 (8.6035)  time: 0.3445  data: 0.0001  max mem: 21208
Epoch: [5]  [190/258]  eta: 0:00:23  lr: 0.000099  min_lr: 0.000000  loss: 0.6892 (0.9244)  corr: 0.3515 (0.2665)  loss_scale: 65536.0000 (65536.0000)  weight_decay: 0.0100 (0.0100)  grad_norm: 6.9354 (8.5248)  time: 0.3448  data: 0.0001  max mem: 21208
Epoch: [5]  [200/258]  eta: 0:00:19  lr: 0.000099  min_lr: 0.000000  loss: 0.6469 (0.9257)  corr: 0.2868 (0.2732)  loss_scale: 65536.0000 (65536.0000)  weight_decay: 0.0100 (0.0100)  grad_norm: 6.9354 (8.5332)  time: 0.3445  data: 0.0001  max mem: 21208
Epoch: [5]  [210/258]  eta: 0:00:16  lr: 0.000099  min_lr: 0.000000  loss: 0.6952 (0.9240)  corr: 0.3198 (0.2711)  loss_scale: 65536.0000 (65536.0000)  weight_decay: 0.0100 (0.0100)  grad_norm: 7.0261 (8.6640)  time: 0.3444  data: 0.0001  max mem: 21208
Epoch: [5]  [220/258]  eta: 0:00:12  lr: 0.000099  min_lr: 0.000000  loss: 0.6952 (0.9170)  corr: 0.3519 (0.2749)  loss_scale: 65536.0000 (65536.0000)  weight_decay: 0.0100 (0.0100)  grad_norm: 7.0261 (8.8067)  time: 0.3446  data: 0.0001  max mem: 21208
Epoch: [5]  [230/258]  eta: 0:00:09  lr: 0.000099  min_lr: 0.000000  loss: 0.6702 (0.9082)  corr: 0.3519 (0.2738)  loss_scale: 65536.0000 (65536.0000)  weight_decay: 0.0100 (0.0100)  grad_norm: 6.6731 (8.6498)  time: 0.3445  data: 0.0001  max mem: 21208
Epoch: [5]  [240/258]  eta: 0:00:06  lr: 0.000099  min_lr: 0.000000  loss: 0.7295 (0.9106)  corr: 0.2298 (0.2653)  loss_scale: 65536.0000 (65536.0000)  weight_decay: 0.0100 (0.0100)  grad_norm: 6.6731 (8.6123)  time: 0.3451  data: 0.0002  max mem: 21208
Epoch: [5]  [250/258]  eta: 0:00:02  lr: 0.000099  min_lr: 0.000000  loss: 0.7358 (0.9014)  corr: 0.0071 (0.2578)  loss_scale: 65536.0000 (65536.0000)  weight_decay: 0.0100 (0.0100)  grad_norm: 7.2083 (8.6264)  time: 0.3441  data: 0.0003  max mem: 21208
Epoch: [5]  [257/258]  eta: 0:00:00  lr: 0.000099  min_lr: 0.000000  loss: 0.7358 (0.8998)  corr: 0.0695 (0.2516)  loss_scale: 65536.0000 (65536.0000)  weight_decay: 0.0100 (0.0100)  grad_norm: 5.9012 (8.5585)  time: 0.3433  data: 0.0004  max mem: 21208
Epoch: [5] Total time: 0:01:28 (0.3415 s / it)
Averaged stats: lr: 0.000099  min_lr: 0.000000  loss: 0.7358 (0.8998)  corr: 0.0695 (0.2516)  loss_scale: 65536.0000 (65536.0000)  weight_decay: 0.0100 (0.0100)  grad_norm: 5.9012 (8.5585)
Val:  [0/1]  eta: 0:00:03  loss: 1.2457 (1.2457)  mse: 1.2457 (1.2457)  corr: 0.2323 (0.2323)  time: 3.0182  data: 0.2633  max mem: 21208
Val: Total time: 0:00:03 (3.0548 s / it)
* loss 1.246
Correlation of the network on the 246 val EEG: 0.23
Test:  [0/1]  eta: 0:00:03  loss: 1.1240 (1.1240)  mse: 1.1240 (1.1240)  corr: 0.3052 (0.3052)  time: 3.3446  data: 0.2503  max mem: 21208
Test: Total time: 0:00:03 (3.3780 s / it)
* loss 1.124
Correlation of the network on the 247 test EEG: 0.31
Min mse val: 1.25, max corr test: 0.31
Epoch: [6]  [  0/258]  eta: 0:04:00  lr: 0.000099  min_lr: 0.000000  loss: 1.4135 (1.4135)  corr: 0.2808 (0.2808)  loss_scale: 65536.0000 (65536.0000)  weight_decay: 0.0100 (0.0100)  time: 0.9333  data: 0.0516  max mem: 21208
Epoch: [6]  [ 10/258]  eta: 0:01:36  lr: 0.000099  min_lr: 0.000000  loss: 0.7082 (0.9189)  corr: 0.3792 (0.4174)  loss_scale: 65536.0000 (65536.0000)  weight_decay: 0.0100 (0.0100)  grad_norm: 7.3353 (7.7194)  time: 0.3900  data: 0.0049  max mem: 21208
Epoch: [6]  [ 20/258]  eta: 0:01:27  lr: 0.000099  min_lr: 0.000000  loss: 0.7082 (1.1874)  corr: 0.3331 (0.3440)  loss_scale: 65536.0000 (65536.0000)  weight_decay: 0.0100 (0.0100)  grad_norm: 6.5044 (8.3518)  time: 0.3380  data: 0.0003  max mem: 21208
Epoch: [6]  [ 30/258]  eta: 0:01:21  lr: 0.000099  min_lr: 0.000000  loss: 0.9590 (1.2448)  corr: 0.1553 (0.2984)  loss_scale: 65536.0000 (65536.0000)  weight_decay: 0.0100 (0.0100)  grad_norm: 7.3353 (7.8017)  time: 0.3422  data: 0.0004  max mem: 21208
Epoch: [6]  [ 40/258]  eta: 0:01:17  lr: 0.000099  min_lr: 0.000000  loss: 1.1196 (1.2264)  corr: 0.3115 (0.2884)  loss_scale: 65536.0000 (65536.0000)  weight_decay: 0.0100 (0.0100)  grad_norm: 7.3729 (8.0230)  time: 0.3460  data: 0.0003  max mem: 21208
Epoch: [6]  [ 50/258]  eta: 0:01:13  lr: 0.000098  min_lr: 0.000000  loss: 0.8869 (1.1539)  corr: 0.3267 (0.2594)  loss_scale: 65536.0000 (65536.0000)  weight_decay: 0.0100 (0.0100)  grad_norm: 7.8450 (8.4261)  time: 0.3472  data: 0.0003  max mem: 21208
Epoch: [6]  [ 60/258]  eta: 0:01:09  lr: 0.000098  min_lr: 0.000000  loss: 0.8160 (1.1303)  corr: 0.1359 (0.2467)  loss_scale: 65536.0000 (65536.0000)  weight_decay: 0.0100 (0.0100)  grad_norm: 8.1393 (8.3470)  time: 0.3457  data: 0.0003  max mem: 21208
Epoch: [6]  [ 70/258]  eta: 0:01:06  lr: 0.000098  min_lr: 0.000000  loss: 0.7967 (1.1013)  corr: 0.4061 (0.2864)  loss_scale: 65536.0000 (65536.0000)  weight_decay: 0.0100 (0.0100)  grad_norm: 8.7161 (8.5565)  time: 0.3454  data: 0.0003  max mem: 21208
Epoch: [6]  [ 80/258]  eta: 0:01:02  lr: 0.000098  min_lr: 0.000000  loss: 0.7111 (1.0975)  corr: 0.3135 (0.2652)  loss_scale: 65536.0000 (65536.0000)  weight_decay: 0.0100 (0.0100)  grad_norm: 8.9052 (8.6532)  time: 0.3453  data: 0.0003  max mem: 21208
Epoch: [6]  [ 90/258]  eta: 0:00:58  lr: 0.000098  min_lr: 0.000000  loss: 0.7030 (1.0628)  corr: 0.1781 (0.2674)  loss_scale: 65536.0000 (65536.0000)  weight_decay: 0.0100 (0.0100)  grad_norm: 8.9052 (8.9262)  time: 0.3450  data: 0.0003  max mem: 21208
Epoch: [6]  [100/258]  eta: 0:00:55  lr: 0.000098  min_lr: 0.000000  loss: 0.5799 (1.0175)  corr: 0.2080 (0.2632)  loss_scale: 65536.0000 (65536.0000)  weight_decay: 0.0100 (0.0100)  grad_norm: 9.2772 (8.9759)  time: 0.3454  data: 0.0003  max mem: 21208
Epoch: [6]  [110/258]  eta: 0:00:51  lr: 0.000098  min_lr: 0.000000  loss: 0.3036 (0.9767)  corr: 0.3437 (0.2791)  loss_scale: 65536.0000 (65536.0000)  weight_decay: 0.0100 (0.0100)  grad_norm: 7.5991 (8.8061)  time: 0.3458  data: 0.0002  max mem: 21208
Epoch: [6]  [120/258]  eta: 0:00:48  lr: 0.000098  min_lr: 0.000000  loss: 0.5704 (0.9613)  corr: 0.4132 (0.2888)  loss_scale: 65536.0000 (65536.0000)  weight_decay: 0.0100 (0.0100)  grad_norm: 6.7768 (8.6768)  time: 0.3454  data: 0.0001  max mem: 21208
Epoch: [6]  [130/258]  eta: 0:00:44  lr: 0.000098  min_lr: 0.000000  loss: 0.6639 (0.9721)  corr: 0.3691 (0.2888)  loss_scale: 65536.0000 (65536.0000)  weight_decay: 0.0100 (0.0100)  grad_norm: 6.3873 (8.7492)  time: 0.3450  data: 0.0001  max mem: 21208
Epoch: [6]  [140/258]  eta: 0:00:41  lr: 0.000097  min_lr: 0.000000  loss: 0.6368 (0.9496)  corr: 0.3831 (0.2945)  loss_scale: 65536.0000 (65536.0000)  weight_decay: 0.0100 (0.0100)  grad_norm: 6.1300 (8.5091)  time: 0.3456  data: 0.0001  max mem: 21208
Epoch: [6]  [150/258]  eta: 0:00:37  lr: 0.000097  min_lr: 0.000000  loss: 0.7328 (0.9537)  corr: 0.4108 (0.2960)  loss_scale: 65536.0000 (65536.0000)  weight_decay: 0.0100 (0.0100)  grad_norm: 6.7768 (8.5420)  time: 0.3461  data: 0.0002  max mem: 21208
Epoch: [6]  [160/258]  eta: 0:00:34  lr: 0.000097  min_lr: 0.000000  loss: 0.8414 (0.9557)  corr: 0.1397 (0.2778)  loss_scale: 65536.0000 (65536.0000)  weight_decay: 0.0100 (0.0100)  grad_norm: 8.8675 (8.6046)  time: 0.3449  data: 0.0002  max mem: 21208
Epoch: [6]  [170/258]  eta: 0:00:30  lr: 0.000097  min_lr: 0.000000  loss: 0.6991 (0.9350)  corr: -0.0642 (0.2639)  loss_scale: 65536.0000 (65536.0000)  weight_decay: 0.0100 (0.0100)  grad_norm: 6.1433 (8.4977)  time: 0.3440  data: 0.0002  max mem: 21208
Epoch: [6]  [180/258]  eta: 0:00:27  lr: 0.000097  min_lr: 0.000000  loss: 0.6639 (0.9268)  corr: 0.3058 (0.2804)  loss_scale: 65536.0000 (65536.0000)  weight_decay: 0.0100 (0.0100)  grad_norm: 8.9858 (8.5731)  time: 0.3452  data: 0.0003  max mem: 21208
Epoch: [6]  [190/258]  eta: 0:00:23  lr: 0.000097  min_lr: 0.000000  loss: 0.7015 (0.9143)  corr: 0.4062 (0.2766)  loss_scale: 65536.0000 (65536.0000)  weight_decay: 0.0100 (0.0100)  grad_norm: 6.4744 (8.4833)  time: 0.3460  data: 0.0003  max mem: 21208
Epoch: [6]  [200/258]  eta: 0:00:20  lr: 0.000097  min_lr: 0.000000  loss: 0.6351 (0.9166)  corr: 0.2606 (0.2820)  loss_scale: 65536.0000 (65536.0000)  weight_decay: 0.0100 (0.0100)  grad_norm: 6.4615 (8.5126)  time: 0.3459  data: 0.0002  max mem: 21208
Epoch: [6]  [210/258]  eta: 0:00:16  lr: 0.000096  min_lr: 0.000000  loss: 0.6157 (0.9153)  corr: 0.2787 (0.2790)  loss_scale: 65536.0000 (65536.0000)  weight_decay: 0.0100 (0.0100)  grad_norm: 7.1674 (8.6803)  time: 0.3462  data: 0.0002  max mem: 21208
Epoch: [6]  [220/258]  eta: 0:00:13  lr: 0.000096  min_lr: 0.000000  loss: 0.6157 (0.9080)  corr: 0.3529 (0.2816)  loss_scale: 65536.0000 (65536.0000)  weight_decay: 0.0100 (0.0100)  grad_norm: 7.1674 (8.8397)  time: 0.3465  data: 0.0003  max mem: 21208
Epoch: [6]  [230/258]  eta: 0:00:09  lr: 0.000096  min_lr: 0.000000  loss: 0.6537 (0.8996)  corr: 0.3487 (0.2806)  loss_scale: 65536.0000 (65536.0000)  weight_decay: 0.0100 (0.0100)  grad_norm: 7.0322 (8.6712)  time: 0.3464  data: 0.0003  max mem: 21208
Epoch: [6]  [240/258]  eta: 0:00:06  lr: 0.000096  min_lr: 0.000000  loss: 0.7489 (0.9019)  corr: 0.2968 (0.2734)  loss_scale: 65536.0000 (65536.0000)  weight_decay: 0.0100 (0.0100)  grad_norm: 7.0322 (8.6402)  time: 0.3442  data: 0.0003  max mem: 21208
Epoch: [6]  [250/258]  eta: 0:00:02  lr: 0.000096  min_lr: 0.000000  loss: 0.7489 (0.8926)  corr: 0.0826 (0.2653)  loss_scale: 65536.0000 (65536.0000)  weight_decay: 0.0100 (0.0100)  grad_norm: 7.0322 (8.6772)  time: 0.3425  data: 0.0003  max mem: 21208
Epoch: [6]  [257/258]  eta: 0:00:00  lr: 0.000096  min_lr: 0.000000  loss: 0.7489 (0.8909)  corr: 0.0826 (0.2590)  loss_scale: 65536.0000 (65536.0000)  weight_decay: 0.0100 (0.0100)  grad_norm: 5.7700 (8.6060)  time: 0.3429  data: 0.0002  max mem: 21208
Epoch: [6] Total time: 0:01:29 (0.3474 s / it)
Averaged stats: lr: 0.000096  min_lr: 0.000000  loss: 0.7489 (0.8909)  corr: 0.0826 (0.2590)  loss_scale: 65536.0000 (65536.0000)  weight_decay: 0.0100 (0.0100)  grad_norm: 5.7700 (8.6060)
Val:  [0/1]  eta: 0:00:03  loss: 1.2447 (1.2447)  mse: 1.2447 (1.2447)  corr: 0.2360 (0.2360)  time: 3.3604  data: 0.2647  max mem: 21208
Val: Total time: 0:00:03 (3.3961 s / it)
* loss 1.245
Correlation of the network on the 246 val EEG: 0.24
Test:  [0/1]  eta: 0:00:03  loss: 1.1247 (1.1247)  mse: 1.1247 (1.1247)  corr: 0.3168 (0.3168)  time: 3.2826  data: 0.2613  max mem: 21208
Test: Total time: 0:00:03 (3.3182 s / it)
* loss 1.125
Correlation of the network on the 247 test EEG: 0.32
Min mse val: 1.24, max corr test: 0.32
Epoch: [7]  [  0/258]  eta: 0:02:02  lr: 0.000096  min_lr: 0.000000  loss: 1.4269 (1.4269)  corr: 0.2715 (0.2715)  loss_scale: 65536.0000 (65536.0000)  weight_decay: 0.0100 (0.0100)  time: 0.4744  data: 0.0471  max mem: 21208
Epoch: [7]  [ 10/258]  eta: 0:01:27  lr: 0.000096  min_lr: 0.000000  loss: 0.7216 (0.9090)  corr: 0.4016 (0.4365)  loss_scale: 65536.0000 (65536.0000)  weight_decay: 0.0100 (0.0100)  grad_norm: 6.7702 (8.3101)  time: 0.3511  data: 0.0045  max mem: 21208
Epoch: [7]  [ 20/258]  eta: 0:01:22  lr: 0.000095  min_lr: 0.000000  loss: 0.7209 (1.1809)  corr: 0.3256 (0.3521)  loss_scale: 65536.0000 (65536.0000)  weight_decay: 0.0100 (0.0100)  grad_norm: 6.3219 (8.4929)  time: 0.3389  data: 0.0002  max mem: 21208
Epoch: [7]  [ 30/258]  eta: 0:01:18  lr: 0.000095  min_lr: 0.000000  loss: 0.9563 (1.2417)  corr: 0.1654 (0.3074)  loss_scale: 65536.0000 (65536.0000)  weight_decay: 0.0100 (0.0100)  grad_norm: 6.7702 (7.9130)  time: 0.3406  data: 0.0002  max mem: 21208
Epoch: [7]  [ 40/258]  eta: 0:01:15  lr: 0.000095  min_lr: 0.000000  loss: 1.1060 (1.2201)  corr: 0.2880 (0.2998)  loss_scale: 65536.0000 (65536.0000)  weight_decay: 0.0100 (0.0100)  grad_norm: 6.7824 (8.0547)  time: 0.3438  data: 0.0002  max mem: 21208
Epoch: [7]  [ 50/258]  eta: 0:01:11  lr: 0.000095  min_lr: 0.000000  loss: 0.9079 (1.1451)  corr: 0.2848 (0.2749)  loss_scale: 65536.0000 (65536.0000)  weight_decay: 0.0100 (0.0100)  grad_norm: 7.6606 (8.5102)  time: 0.3464  data: 0.0002  max mem: 21208
Epoch: [7]  [ 60/258]  eta: 0:01:08  lr: 0.000095  min_lr: 0.000000  loss: 0.7529 (1.1209)  corr: 0.2219 (0.2614)  loss_scale: 65536.0000 (65536.0000)  weight_decay: 0.0100 (0.0100)  grad_norm: 7.6856 (8.2757)  time: 0.3470  data: 0.0002  max mem: 21208
Epoch: [7]  [ 70/258]  eta: 0:01:04  lr: 0.000095  min_lr: 0.000000  loss: 0.7529 (1.0923)  corr: 0.3819 (0.2995)  loss_scale: 65536.0000 (65536.0000)  weight_decay: 0.0100 (0.0100)  grad_norm: 7.7181 (8.4342)  time: 0.3432  data: 0.0003  max mem: 21208
Epoch: [7]  [ 80/258]  eta: 0:01:01  lr: 0.000094  min_lr: 0.000000  loss: 0.7061 (1.0867)  corr: 0.3077 (0.2850)  loss_scale: 65536.0000 (65536.0000)  weight_decay: 0.0100 (0.0100)  grad_norm: 7.6856 (8.3318)  time: 0.3421  data: 0.0003  max mem: 21208
Epoch: [7]  [ 90/258]  eta: 0:00:57  lr: 0.000094  min_lr: 0.000000  loss: 0.6572 (1.0520)  corr: 0.2459 (0.2846)  loss_scale: 65536.0000 (65536.0000)  weight_decay: 0.0100 (0.0100)  grad_norm: 7.9101 (8.6180)  time: 0.3463  data: 0.0003  max mem: 21208
Epoch: [7]  [100/258]  eta: 0:00:54  lr: 0.000094  min_lr: 0.000000  loss: 0.5822 (1.0078)  corr: 0.2439 (0.2770)  loss_scale: 65536.0000 (65536.0000)  weight_decay: 0.0100 (0.0100)  grad_norm: 7.9255 (8.7129)  time: 0.3484  data: 0.0003  max mem: 21208
Epoch: [7]  [110/258]  eta: 0:00:51  lr: 0.000094  min_lr: 0.000000  loss: 0.2814 (0.9659)  corr: 0.3381 (0.2950)  loss_scale: 65536.0000 (65536.0000)  weight_decay: 0.0100 (0.0100)  grad_norm: 7.7175 (8.6140)  time: 0.3478  data: 0.0003  max mem: 21208
Epoch: [7]  [120/258]  eta: 0:00:47  lr: 0.000094  min_lr: 0.000000  loss: 0.5895 (0.9514)  corr: 0.4018 (0.3033)  loss_scale: 65536.0000 (65536.0000)  weight_decay: 0.0100 (0.0100)  grad_norm: 7.7175 (8.4831)  time: 0.3463  data: 0.0002  max mem: 21208
Epoch: [7]  [130/258]  eta: 0:00:44  lr: 0.000093  min_lr: 0.000000  loss: 0.6562 (0.9629)  corr: 0.3876 (0.3022)  loss_scale: 65536.0000 (65536.0000)  weight_decay: 0.0100 (0.0100)  grad_norm: 5.9731 (8.5294)  time: 0.3459  data: 0.0003  max mem: 21208
Epoch: [7]  [140/258]  eta: 0:00:40  lr: 0.000093  min_lr: 0.000000  loss: 0.6345 (0.9409)  corr: 0.4300 (0.3079)  loss_scale: 65536.0000 (65536.0000)  weight_decay: 0.0100 (0.0100)  grad_norm: 5.9731 (8.2828)  time: 0.3461  data: 0.0003  max mem: 21208
Epoch: [7]  [150/258]  eta: 0:00:37  lr: 0.000093  min_lr: 0.000000  loss: 0.7121 (0.9456)  corr: 0.4300 (0.3091)  loss_scale: 65536.0000 (65536.0000)  weight_decay: 0.0100 (0.0100)  grad_norm: 6.4623 (8.3219)  time: 0.3465  data: 0.0003  max mem: 21208
Epoch: [7]  [160/258]  eta: 0:00:33  lr: 0.000093  min_lr: 0.000000  loss: 0.8289 (0.9477)  corr: 0.1343 (0.2916)  loss_scale: 65536.0000 (65536.0000)  weight_decay: 0.0100 (0.0100)  grad_norm: 7.8067 (8.4039)  time: 0.3462  data: 0.0003  max mem: 21208
Epoch: [7]  [170/258]  eta: 0:00:30  lr: 0.000093  min_lr: 0.000000  loss: 0.6818 (0.9275)  corr: -0.1590 (0.2750)  loss_scale: 65536.0000 (65536.0000)  weight_decay: 0.0100 (0.0100)  grad_norm: 6.3691 (8.2830)  time: 0.3458  data: 0.0003  max mem: 21208
Epoch: [7]  [180/258]  eta: 0:00:26  lr: 0.000092  min_lr: 0.000000  loss: 0.6598 (0.9196)  corr: 0.3207 (0.2927)  loss_scale: 65536.0000 (65536.0000)  weight_decay: 0.0100 (0.0100)  grad_norm: 8.8611 (8.3573)  time: 0.3460  data: 0.0003  max mem: 21208
Epoch: [7]  [190/258]  eta: 0:00:23  lr: 0.000092  min_lr: 0.000000  loss: 0.7148 (0.9072)  corr: 0.4046 (0.2887)  loss_scale: 65536.0000 (65536.0000)  weight_decay: 0.0100 (0.0100)  grad_norm: 6.3691 (8.3067)  time: 0.3452  data: 0.0002  max mem: 21208
Epoch: [7]  [200/258]  eta: 0:00:20  lr: 0.000092  min_lr: 0.000000  loss: 0.6215 (0.9093)  corr: 0.2850 (0.2947)  loss_scale: 65536.0000 (65536.0000)  weight_decay: 0.0100 (0.0100)  grad_norm: 6.3691 (8.3934)  time: 0.3439  data: 0.0002  max mem: 21208
Epoch: [7]  [210/258]  eta: 0:00:16  lr: 0.000092  min_lr: 0.000000  loss: 0.5750 (0.9079)  corr: 0.3283 (0.2909)  loss_scale: 65536.0000 (65536.0000)  weight_decay: 0.0100 (0.0100)  grad_norm: 8.0394 (8.5911)  time: 0.3438  data: 0.0002  max mem: 21208
Epoch: [7]  [220/258]  eta: 0:00:13  lr: 0.000091  min_lr: 0.000000  loss: 0.5750 (0.9003)  corr: 0.3790 (0.2936)  loss_scale: 65536.0000 (65536.0000)  weight_decay: 0.0100 (0.0100)  grad_norm: 7.6385 (8.7270)  time: 0.3451  data: 0.0002  max mem: 21208
Epoch: [7]  [230/258]  eta: 0:00:09  lr: 0.000091  min_lr: 0.000000  loss: 0.6465 (0.8921)  corr: 0.2869 (0.2920)  loss_scale: 65536.0000 (65536.0000)  weight_decay: 0.0100 (0.0100)  grad_norm: 6.6772 (8.5443)  time: 0.3461  data: 0.0002  max mem: 21208
Epoch: [7]  [240/258]  eta: 0:00:06  lr: 0.000091  min_lr: 0.000000  loss: 0.7589 (0.8947)  corr: 0.2869 (0.2841)  loss_scale: 65536.0000 (65536.0000)  weight_decay: 0.0100 (0.0100)  grad_norm: 6.5649 (8.5082)  time: 0.3461  data: 0.0003  max mem: 21208
Epoch: [7]  [250/258]  eta: 0:00:02  lr: 0.000091  min_lr: 0.000000  loss: 0.7589 (0.8854)  corr: 0.1125 (0.2761)  loss_scale: 65536.0000 (65536.0000)  weight_decay: 0.0100 (0.0100)  grad_norm: 6.5649 (8.5286)  time: 0.3458  data: 0.0002  max mem: 21208
Epoch: [7]  [257/258]  eta: 0:00:00  lr: 0.000091  min_lr: 0.000000  loss: 0.7589 (0.8839)  corr: 0.1125 (0.2690)  loss_scale: 65536.0000 (65536.0000)  weight_decay: 0.0100 (0.0100)  grad_norm: 6.0363 (8.4479)  time: 0.3456  data: 0.0002  max mem: 21208
Epoch: [7] Total time: 0:01:29 (0.3460 s / it)
Averaged stats: lr: 0.000091  min_lr: 0.000000  loss: 0.7589 (0.8839)  corr: 0.1125 (0.2690)  loss_scale: 65536.0000 (65536.0000)  weight_decay: 0.0100 (0.0100)  grad_norm: 6.0363 (8.4479)
Val:  [0/1]  eta: 0:00:03  loss: 1.2435 (1.2435)  mse: 1.2435 (1.2435)  corr: 0.2398 (0.2398)  time: 3.0167  data: 0.2732  max mem: 21208
Val: Total time: 0:00:03 (3.0518 s / it)
* loss 1.244
Correlation of the network on the 246 val EEG: 0.24
Test:  [0/1]  eta: 0:00:03  loss: 1.1253 (1.1253)  mse: 1.1253 (1.1253)  corr: 0.3235 (0.3235)  time: 3.2706  data: 0.2713  max mem: 21208
Test: Total time: 0:00:03 (3.3045 s / it)
* loss 1.125
Correlation of the network on the 247 test EEG: 0.32
Min mse val: 1.24, max corr test: 0.32
Epoch: [8]  [  0/258]  eta: 0:02:02  lr: 0.000091  min_lr: 0.000000  loss: 1.4275 (1.4275)  corr: 0.2658 (0.2658)  loss_scale: 65536.0000 (65536.0000)  weight_decay: 0.0100 (0.0100)  time: 0.4750  data: 0.0477  max mem: 21208
Epoch: [8]  [ 10/258]  eta: 0:01:26  lr: 0.000090  min_lr: 0.000000  loss: 0.7632 (0.9055)  corr: 0.4079 (0.4300)  loss_scale: 65536.0000 (65536.0000)  weight_decay: 0.0100 (0.0100)  grad_norm: 6.1938 (7.3432)  time: 0.3507  data: 0.0045  max mem: 21208
Epoch: [8]  [ 20/258]  eta: 0:01:22  lr: 0.000090  min_lr: 0.000000  loss: 0.7353 (1.1787)  corr: 0.3702 (0.3452)  loss_scale: 65536.0000 (65536.0000)  weight_decay: 0.0100 (0.0100)  grad_norm: 5.9610 (8.0000)  time: 0.3390  data: 0.0002  max mem: 21208
Epoch: [8]  [ 30/258]  eta: 0:01:18  lr: 0.000090  min_lr: 0.000000  loss: 0.9484 (1.2414)  corr: 0.2006 (0.2983)  loss_scale: 65536.0000 (65536.0000)  weight_decay: 0.0100 (0.0100)  grad_norm: 6.1938 (7.8066)  time: 0.3400  data: 0.0002  max mem: 21208
Epoch: [8]  [ 40/258]  eta: 0:01:15  lr: 0.000090  min_lr: 0.000000  loss: 1.0971 (1.2172)  corr: 0.2928 (0.2948)  loss_scale: 65536.0000 (65536.0000)  weight_decay: 0.0100 (0.0100)  grad_norm: 6.4408 (7.8526)  time: 0.3438  data: 0.0002  max mem: 21208
Epoch: [8]  [ 50/258]  eta: 0:01:11  lr: 0.000089  min_lr: 0.000000  loss: 0.8806 (1.1420)  corr: 0.2239 (0.2735)  loss_scale: 65536.0000 (65536.0000)  weight_decay: 0.0100 (0.0100)  grad_norm: 7.7905 (8.3007)  time: 0.3472  data: 0.0002  max mem: 21208
Epoch: [8]  [ 60/258]  eta: 0:01:08  lr: 0.000089  min_lr: 0.000000  loss: 0.7457 (1.1172)  corr: 0.1650 (0.2650)  loss_scale: 65536.0000 (65536.0000)  weight_decay: 0.0100 (0.0100)  grad_norm: 7.3855 (8.0620)  time: 0.3474  data: 0.0002  max mem: 21208
Epoch: [8]  [ 70/258]  eta: 0:01:04  lr: 0.000089  min_lr: 0.000000  loss: 0.7457 (1.0872)  corr: 0.4108 (0.3036)  loss_scale: 65536.0000 (65536.0000)  weight_decay: 0.0100 (0.0100)  grad_norm: 7.6152 (8.1746)  time: 0.3470  data: 0.0002  max mem: 21208
Epoch: [8]  [ 80/258]  eta: 0:01:01  lr: 0.000089  min_lr: 0.000000  loss: 0.7198 (1.0813)  corr: 0.3366 (0.2860)  loss_scale: 65536.0000 (65536.0000)  weight_decay: 0.0100 (0.0100)  grad_norm: 7.2652 (8.0967)  time: 0.3457  data: 0.0002  max mem: 21208
Epoch: [8]  [ 90/258]  eta: 0:00:58  lr: 0.000088  min_lr: 0.000000  loss: 0.6389 (1.0465)  corr: 0.1588 (0.2842)  loss_scale: 65536.0000 (65536.0000)  weight_decay: 0.0100 (0.0100)  grad_norm: 7.6152 (8.3732)  time: 0.3458  data: 0.0002  max mem: 21208
Epoch: [8]  [100/258]  eta: 0:00:54  lr: 0.000088  min_lr: 0.000000  loss: 0.5762 (1.0030)  corr: 0.1588 (0.2756)  loss_scale: 65536.0000 (65536.0000)  weight_decay: 0.0100 (0.0100)  grad_norm: 8.4703 (8.4868)  time: 0.3462  data: 0.0002  max mem: 21208
Epoch: [8]  [110/258]  eta: 0:00:51  lr: 0.000088  min_lr: 0.000000  loss: 0.2777 (0.9609)  corr: 0.3091 (0.2934)  loss_scale: 65536.0000 (65536.0000)  weight_decay: 0.0100 (0.0100)  grad_norm: 7.6261 (8.3610)  time: 0.3459  data: 0.0002  max mem: 21208
Epoch: [8]  [120/258]  eta: 0:00:47  lr: 0.000088  min_lr: 0.000000  loss: 0.6057 (0.9469)  corr: 0.4405 (0.3027)  loss_scale: 65536.0000 (65536.0000)  weight_decay: 0.0100 (0.0100)  grad_norm: 7.6261 (8.2620)  time: 0.3459  data: 0.0001  max mem: 21208
Epoch: [8]  [130/258]  eta: 0:00:44  lr: 0.000087  min_lr: 0.000000  loss: 0.6535 (0.9577)  corr: 0.4198 (0.3043)  loss_scale: 65536.0000 (65536.0000)  weight_decay: 0.0100 (0.0100)  grad_norm: 7.1251 (8.3610)  time: 0.3505  data: 0.0002  max mem: 21208
Epoch: [8]  [140/258]  eta: 0:00:40  lr: 0.000087  min_lr: 0.000000  loss: 0.6253 (0.9361)  corr: 0.4442 (0.3095)  loss_scale: 65536.0000 (65536.0000)  weight_decay: 0.0100 (0.0100)  grad_norm: 6.2819 (8.1336)  time: 0.3493  data: 0.0002  max mem: 21208
Epoch: [8]  [150/258]  eta: 0:00:37  lr: 0.000087  min_lr: 0.000000  loss: 0.7141 (0.9409)  corr: 0.4442 (0.3108)  loss_scale: 65536.0000 (65536.0000)  weight_decay: 0.0100 (0.0100)  grad_norm: 6.6366 (8.2066)  time: 0.3437  data: 0.0002  max mem: 21208
Epoch: [8]  [160/258]  eta: 0:00:33  lr: 0.000086  min_lr: 0.000000  loss: 0.8271 (0.9433)  corr: 0.1266 (0.2944)  loss_scale: 65536.0000 (65536.0000)  weight_decay: 0.0100 (0.0100)  grad_norm: 8.9910 (8.2838)  time: 0.3444  data: 0.0002  max mem: 21208
Epoch: [8]  [170/258]  eta: 0:00:30  lr: 0.000086  min_lr: 0.000000  loss: 0.6949 (0.9233)  corr: -0.0393 (0.2781)  loss_scale: 65536.0000 (65536.0000)  weight_decay: 0.0100 (0.0100)  grad_norm: 6.4748 (8.1724)  time: 0.3450  data: 0.0002  max mem: 21208
Epoch: [8]  [180/258]  eta: 0:00:26  lr: 0.000086  min_lr: 0.000000  loss: 0.6634 (0.9154)  corr: 0.2966 (0.2956)  loss_scale: 65536.0000 (65536.0000)  weight_decay: 0.0100 (0.0100)  grad_norm: 9.0643 (8.2292)  time: 0.3458  data: 0.0002  max mem: 21208
Epoch: [8]  [190/258]  eta: 0:00:23  lr: 0.000086  min_lr: 0.000000  loss: 0.6976 (0.9030)  corr: 0.4053 (0.2928)  loss_scale: 65536.0000 (65536.0000)  weight_decay: 0.0100 (0.0100)  grad_norm: 7.4200 (8.1712)  time: 0.3469  data: 0.0002  max mem: 21208
Epoch: [8]  [200/258]  eta: 0:00:20  lr: 0.000085  min_lr: 0.000000  loss: 0.6414 (0.9055)  corr: 0.2699 (0.2979)  loss_scale: 65536.0000 (65536.0000)  weight_decay: 0.0100 (0.0100)  grad_norm: 6.9212 (8.2199)  time: 0.3469  data: 0.0002  max mem: 21208
Epoch: [8]  [210/258]  eta: 0:00:16  lr: 0.000085  min_lr: 0.000000  loss: 0.5691 (0.9041)  corr: 0.2828 (0.2933)  loss_scale: 65536.0000 (65536.0000)  weight_decay: 0.0100 (0.0100)  grad_norm: 7.0617 (8.3819)  time: 0.3469  data: 0.0002  max mem: 21208
Epoch: [8]  [220/258]  eta: 0:00:13  lr: 0.000085  min_lr: 0.000000  loss: 0.5691 (0.8960)  corr: 0.3793 (0.2978)  loss_scale: 65536.0000 (65536.0000)  weight_decay: 0.0100 (0.0100)  grad_norm: 7.0617 (8.4959)  time: 0.3472  data: 0.0002  max mem: 21208
Epoch: [8]  [230/258]  eta: 0:00:09  lr: 0.000084  min_lr: 0.000000  loss: 0.6638 (0.8880)  corr: 0.3432 (0.2976)  loss_scale: 65536.0000 (65536.0000)  weight_decay: 0.0100 (0.0100)  grad_norm: 7.0617 (8.3400)  time: 0.3464  data: 0.0002  max mem: 21208
Epoch: [8]  [240/258]  eta: 0:00:06  lr: 0.000084  min_lr: 0.000000  loss: 0.7611 (0.8908)  corr: 0.2471 (0.2892)  loss_scale: 65536.0000 (65536.0000)  weight_decay: 0.0100 (0.0100)  grad_norm: 7.3833 (8.3147)  time: 0.3455  data: 0.0002  max mem: 21208
Epoch: [8]  [250/258]  eta: 0:00:02  lr: 0.000084  min_lr: 0.000000  loss: 0.7611 (0.8817)  corr: 0.0579 (0.2818)  loss_scale: 65536.0000 (65536.0000)  weight_decay: 0.0100 (0.0100)  grad_norm: 7.3833 (8.3640)  time: 0.3456  data: 0.0002  max mem: 21208
Epoch: [8]  [257/258]  eta: 0:00:00  lr: 0.000084  min_lr: 0.000000  loss: 0.7611 (0.8801)  corr: 0.0579 (0.2751)  loss_scale: 65536.0000 (65536.0000)  weight_decay: 0.0100 (0.0100)  grad_norm: 6.7818 (8.2884)  time: 0.3455  data: 0.0002  max mem: 21208
Epoch: [8] Total time: 0:01:29 (0.3466 s / it)
Averaged stats: lr: 0.000084  min_lr: 0.000000  loss: 0.7611 (0.8801)  corr: 0.0579 (0.2751)  loss_scale: 65536.0000 (65536.0000)  weight_decay: 0.0100 (0.0100)  grad_norm: 6.7818 (8.2884)
Val:  [0/1]  eta: 0:00:03  loss: 1.2414 (1.2414)  mse: 1.2414 (1.2414)  corr: 0.2430 (0.2430)  time: 3.0303  data: 0.2710  max mem: 21208
Val: Total time: 0:00:03 (3.0661 s / it)
* loss 1.241
Correlation of the network on the 246 val EEG: 0.24
